accession,line_type,institution,location,expt_type,expt_id,farm_plantnum,plant_id,tray,row,column,germ,seed_total,outcome,parent_plant_id,comments
SALK_023000c,RAND_BIN_LINE,BC,BC-GC1,DF,1,0049,BC_S11Farm_0049,A,,,Y,200,,,
SALK_023012c,RAND_BIN_LINE,BC,BC-GC1,DF,1,0430,BC_S11Farm_0430,A,,,N,,DNG,,
SALK_023037c,RAND_BIN_LINE,BC,BC-GC1,DF,1,0050,BC_S11Farm_0050,A,,,Y,> 200,,,
SALK_023066c,RAND_BIN_LINE,BC,BC-GC1,DF,1,0001,BC_S11Farm_0001,A,,,N,,DNG,,
SALK_023070c,RAND_BIN_LINE,BC,BC-GC1,DF,1,0051,BC_S11Farm_0051,A,,,Y,500,,,
SALK_023076c,RAND_BIN_LINE,BC,BC-GC1,DF,1,0052,BC_S11Farm_0052,A,,,Y,> 200,,,
SALK_023091c,RAND_BIN_LINE,BC,BC-GC1,DF,1,0053,BC_S11Farm_0053,A,,,Y,200,,,
SALK_023120c,RAND_BIN_LINE,BC,BC-GC1,DF,1,0054,BC_S11Farm_0054,A,,,Y,300,,,
SALK_023159c,RAND_BIN_LINE,BC,BC-GC1,DF,1,0055,BC_S11Farm_0055,A,,,Y,500,,,
SALK_023198c,RAND_BIN_LINE,BC,BC-GC1,DF,1,0056,BC_S11Farm_0056,A,,,Y,200,,,
SALK_023251c,RAND_BIN_LINE,BC,BC-GC1,DF,1,0057,BC_S11Farm_0057,A,,,Y,200,,,
SALK_023271c,RAND_BIN_LINE,BC,BC-GC1,DF,1,0058,BC_S11Farm_0058,A,,,Y,> 500,,,
SALK_023296c,RAND_BIN_LINE,BC,BC-GC1,DF,1,0059,BC_S11Farm_0059,A,,,Y,,,,
SALK_023316c,RAND_BIN_LINE,BC,BC-GC1,DF,1,0060,BC_S11Farm_0060,A,,,Y,300,,,
SALK_023325c,RAND_BIN_LINE,BC,BC-GC1,DF,1,0002,BC_S11Farm_0002,A,,,N,,DNG,,
SALK_023361c,RAND_BIN_LINE,BC,BC-GC1,DF,1,0061,BC_S11Farm_0061,A,,,Y,> 100,,,
SALK_023369c,RAND_BIN_LINE,BC,BC-GC1,DF,1,0062,BC_S11Farm_0062,A,,,Y,500,,,
SALK_023405c,RAND_BIN_LINE,BC,BC-GC1,DF,1,0063,BC_S11Farm_0063,A,,,Y,300,,,
SALK_023415c,RAND_BIN_LINE,BC,BC-GC1,DF,1,0064,BC_S11Farm_0064,A,,,Y,300,,,
SALK_023429c,RAND_BIN_LINE,BC,BC-GC1,DF,1,0065,BC_S11Farm_0065,A,,,Y,> 200,,,
SALK_023433c,RAND_BIN_LINE,BC,BC-GC1,DF,1,0066,BC_S11Farm_0066,A,,,Y,500,,,
SALK_023442c,RAND_BIN_LINE,BC,BC-GC1,DF,1,0067,BC_S11Farm_0067,A,,,Y,> 100,,,
SALK_023458c,RAND_BIN_LINE,BC,BC-GC1,DF,1,0068,BC_S11Farm_0068,E,,,Y,> 500,,,
SALK_023463c,RAND_BIN_LINE,BC,BC-GC1,DF,1,0431,BC_S11Farm_0431,E,,,Y,500,,,
SALK_023473c,RAND_BIN_LINE,BC,BC-GC1,DF,1,0069,BC_S11Farm_0069,E,,,Y,500,,,flowering
SALK_023502c,RAND_BIN_LINE,BC,BC-GC1,DF,1,0070,BC_S11Farm_0070,E,,,Y,50,,,
SALK_023522c,RAND_BIN_LINE,BC,BC-GC1,DF,1,0071,BC_S11Farm_0071,E,,,Y,> 500,,,
SALK_023529c,RAND_BIN_LINE,BC,BC-GC1,DF,1,0072,BC_S11Farm_0072,E,,,Y,> 500,,,
SALK_023547c,RAND_BIN_LINE,BC,BC-GC1,DF,1,0073,BC_S11Farm_0073,E,,,Y,400,,,
SALK_023548c,RAND_BIN_LINE,BC,BC-GC1,DF,1,0074,BC_S11Farm_0074,E,,,Y,> 500,,,
SALK_023571c,RAND_BIN_LINE,BC,BC-GC1,DF,1,0075,BC_S11Farm_0075,E,,,Y,> 500,,,
SALK_023588c,RAND_BIN_LINE,BC,BC-GC1,DF,1,0076,BC_S11Farm_0076,E,,,Y,500,,,
SALK_023625c,RAND_BIN_LINE,BC,BC-GC1,DF,1,0077,BC_S11Farm_0077,E,,,Y,> 500,,,
SALK_023641c,RAND_BIN_LINE,BC,BC-GC1,DF,1,0078,BC_S11Farm_0078,E,,,Y,500,,,
SALK_023661c,RAND_BIN_LINE,BC,BC-GC1,DF,1,0432,BC_S11Farm_0432,E,,,Y,500,,,flowering
SALK_023668c,RAND_BIN_LINE,BC,BC-GC1,DF,1,0079,BC_S11Farm_0079,E,,,Y,> 500,,,
SALK_023674c,RAND_BIN_LINE,BC,BC-GC1,DF,1,0080,BC_S11Farm_0080,E,,,Y,300,,,
SALK_023675c,RAND_BIN_LINE,BC,BC-GC1,DF,1,0081,BC_S11Farm_0081,E,,,Y,500,,,
SALK_023683c,RAND_BIN_LINE,BC,BC-GC1,DF,1,0433,BC_S11Farm_0433,E,,,Y,200,,,
SALK_023684c,RAND_BIN_LINE,BC,BC-GC1,DF,1,0082,BC_S11Farm_0082,E,,,Y,500,,,
SALK_023687c,RAND_BIN_LINE,BC,BC-GC1,DF,1,0083,BC_S11Farm_0083,E,,,Y,> 500,,,
SALK_023690c,RAND_BIN_LINE,BC,BC-GC1,DF,1,0084,BC_S11Farm_0084,E,,,Y,400,,,
SALK_023712c,RAND_BIN_LINE,BC,BC-GC1,DF,1,0085,BC_S11Farm_0085,E,,,Y,500,,,
SALK_023720c,RAND_BIN_LINE,BC,BC-GC1,DF,1,0434,BC_S11Farm_0434,E,,,Y,500,,,
SALK_023726c,RAND_BIN_LINE,BC,BC-GC1,DF,1,0086,BC_S11Farm_0086,E,,,Y,400,,,
SALK_023748c,RAND_BIN_LINE,BC,BC-GC1,DF,1,0087,BC_S11Farm_0087,E,,,Y,300,,,
SALK_023753c,RAND_BIN_LINE,BC,BC-GC1,DF,1,0088,BC_S11Farm_0088,E,,,Y,100,,,flowering
SALK_023758c,RAND_BIN_LINE,BC,BC-GC1,DF,1,0435,BC_S11Farm_0435,E,,,Y,500,,,
SALK_023759c,RAND_BIN_LINE,BC,BC-GC1,DF,1,0089,BC_S11Farm_0089,E,,,Y,500,,,
SALK_023771c,RAND_BIN_LINE,BC,BC-GC1,DF,1,0090,BC_S11Farm_0090,E,,,Y,> 100,,,
SALK_023783c,RAND_BIN_LINE,BC,BC-GC1,DF,1,0091,BC_S11Farm_0091,F,,,Y,> 100,,,
SALK_023786c,RAND_BIN_LINE,BC,BC-GC1,DF,1,0092,BC_S11Farm_0092,F,,,Y,500,,,
SALK_023789c,RAND_BIN_LINE,BC,BC-GC1,DF,1,0093,BC_S11Farm_0093,F,,,Y,> 500,,,
SALK_023810c,RAND_BIN_LINE,BC,BC-GC1,DF,1,0094,BC_S11Farm_0094,F,,,Y,500,,,
SALK_023835c,RAND_BIN_LINE,BC,BC-GC1,DF,1,0003,BC_S11Farm_0003,F,,,N,,DNG,,
SALK_023849c,RAND_BIN_LINE,BC,BC-GC1,DF,1,0095,BC_S11Farm_0095,F,,,Y,> 500,,,
SALK_023858c,RAND_BIN_LINE,BC,BC-GC1,DF,1,0096,BC_S11Farm_0096,F,,,Y,100,,,
SALK_023866c,RAND_BIN_LINE,BC,BC-GC1,DF,1,0097,BC_S11Farm_0097,F,,,Y,500,,,
SALK_023872c,RAND_BIN_LINE,BC,BC-GC1,DF,1,0004,BC_S11Farm_0004,F,,,N,,DNG,,
SALK_023888c,RAND_BIN_LINE,BC,BC-GC1,DF,1,0098,BC_S11Farm_0098,F,,,Y,500,,,
SALK_023895c,RAND_BIN_LINE,BC,BC-GC1,DF,1,0099,BC_S11Farm_0099,F,,,Y,> 500,,,
SALK_023899c,RAND_BIN_LINE,BC,BC-GC1,DF,1,0100,BC_S11Farm_0100,F,,,Y,> 100,,,
SALK_023909c,RAND_BIN_LINE,BC,BC-GC1,DF,1,0101,BC_S11Farm_0101,F,,,Y,> 100,,,
SALK_023910c,RAND_BIN_LINE,BC,BC-GC1,DF,1,0102,BC_S11Farm_0102,F,,,Y,100,,,
SALK_023915c,RAND_BIN_LINE,BC,BC-GC1,DF,1,0103,BC_S11Farm_0103,F,,,Y,> 500,,,
SALK_023923c,RAND_BIN_LINE,BC,BC-GC1,DF,1,0104,BC_S11Farm_0104,F,,,Y,> 100,,,
SALK_023943c,RAND_BIN_LINE,BC,BC-GC1,DF,1,0105,BC_S11Farm_0105,F,,,Y,> 500,,,
SALK_023972c,RAND_BIN_LINE,BC,BC-GC1,DF,1,0106,BC_S11Farm_0106,F,,,Y,500,,,
SALK_023980c,RAND_BIN_LINE,BC,BC-GC1,DF,1,0107,BC_S11Farm_0107,F,,,Y,200,,,
SALK_023995c,RAND_BIN_LINE,BC,BC-GC1,DF,1,0108,BC_S11Farm_0108,F,,,Y,> 500,,,
SALK_024002c,RAND_BIN_LINE,BC,BC-GC1,DF,1,0109,BC_S11Farm_0109,F,,,Y,400,,,
SALK_024005c,RAND_BIN_LINE,BC,BC-GC1,DF,1,0110,BC_S11Farm_0110,F,,,Y,500,,,
SALK_024022c,RAND_BIN_LINE,BC,BC-GC1,DF,1,0111,BC_S11Farm_0111,F,,,Y,,DNG,,DNG?
SALK_024059c,RAND_BIN_LINE,BC,BC-GC1,DF,1,0112,BC_S11Farm_0112,F,,,Y,> 500,,,
SALK_024061c,RAND_BIN_LINE,BC,BC-GC1,DF,1,0113,BC_S11Farm_0113,F,,,Y,> 500,,,
SALK_024083c,RAND_BIN_LINE,BC,BC-GC1,DF,1,0114,BC_S11Farm_0114,F,,,Y,> 500,,,
SALK_024096c,RAND_BIN_LINE,BC,BC-GC1,DF,1,0115,BC_S11Farm_0115,F,,,Y,> 500,,,
SALK_024115c,RAND_BIN_LINE,BC,BC-GC1,DF,1,0116,BC_S11Farm_0116,F,,,Y,500,,,
SALK_024133c,RAND_BIN_LINE,BC,BC-GC1,DF,1,0005,BC_S11Farm_0005,H,,,N,,DNG,,
SALK_024173c,RAND_BIN_LINE,BC,BC-GC1,DF,1,0117,BC_S11Farm_0117,H,,,Y,500,,,
SALK_024197c,RAND_BIN_LINE,BC,BC-GC1,DF,1,0118,BC_S11Farm_0118,H,,,Y,> 500,,,
SALK_024198c,RAND_BIN_LINE,BC,BC-GC1,DF,1,0119,BC_S11Farm_0119,H,,,Y,400,,,
SALK_024200c,RAND_BIN_LINE,BC,BC-GC1,DF,1,0120,BC_S11Farm_0120,H,,,Y,500,,,
SALK_024205c,RAND_BIN_LINE,BC,BC-GC1,DF,1,0121,BC_S11Farm_0121,H,,,Y,> 200,,,
SALK_024221c,RAND_BIN_LINE,BC,BC-GC1,DF,1,0122,BC_S11Farm_0122,H,,,Y,100,,,
SALK_024222c,RAND_BIN_LINE,BC,BC-GC1,DF,1,0123,BC_S11Farm_0123,H,,,Y,500,,,
SALK_024228c,RAND_BIN_LINE,BC,BC-GC1,DF,1,0124,BC_S11Farm_0124,H,,,Y,200,,,
SALK_024241c,RAND_BIN_LINE,BC,BC-GC1,DF,1,0125,BC_S11Farm_0125,H,,,Y,200,,,
SALK_024320c,RAND_BIN_LINE,BC,BC-GC1,DF,1,0126,BC_S11Farm_0126,H,,,Y,400,,,
SALK_024323c,RAND_BIN_LINE,BC,BC-GC1,DF,1,0127,BC_S11Farm_0127,H,,,Y,200,,,
SALK_047133c,RAND_BIN_LINE,BC,BC-GC1,DF,1,0128,BC_S11Farm_0128,H,,,Y,> 200,,,
SALK_047135c,RAND_BIN_LINE,BC,BC-GC1,DF,1,0129,BC_S11Farm_0129,H,,,Y,500,,,
SALK_047150c,RAND_BIN_LINE,BC,BC-GC1,DF,1,0130,BC_S11Farm_0130,H,,,Y,300,,,
SALK_047206c,RAND_BIN_LINE,BC,BC-GC1,DF,1,0131,BC_S11Farm_0131,H,,,Y,100,,,
SALK_047258c,RAND_BIN_LINE,BC,BC-GC1,DF,1,0132,BC_S11Farm_0132,H,,,Y,300,,,
SALK_047287c,RAND_BIN_LINE,BC,BC-GC1,DF,1,0133,BC_S11Farm_0133,H,,,Y,300,,,
SALK_047327c,RAND_BIN_LINE,BC,BC-GC1,DF,1,0134,BC_S11Farm_0134,H,,,Y,200,,,
SALK_047344c,RAND_BIN_LINE,BC,BC-GC1,DF,1,0135,BC_S11Farm_0135,H,,,Y,300,,,
SALK_047369c,RAND_BIN_LINE,BC,BC-GC1,DF,1,0136,BC_S11Farm_0136,H,,,Y,> 100,,,
SALK_047384c,RAND_BIN_LINE,BC,BC-GC1,DF,1,0137,BC_S11Farm_0137,K,,,Y,> 200,,,
SALK_047421c,RAND_BIN_LINE,BC,BC-GC1,DF,1,0138,BC_S11Farm_0138,K,,,Y,> 200,,,
SALK_047422c,RAND_BIN_LINE,BC,BC-GC1,DF,1,0139,BC_S11Farm_0139,K,,,Y,300,,,
SALK_047427c,RAND_BIN_LINE,BC,BC-GC1,DF,1,0140,BC_S11Farm_0140,K,,,Y,500,,,
SALK_047428c,RAND_BIN_LINE,BC,BC-GC1,DF,1,0141,BC_S11Farm_0141,K,,,Y,50,,,
SALK_047439c,RAND_BIN_LINE,BC,BC-GC1,DF,1,0142,BC_S11Farm_0142,K,,,Y,400,,,
SALK_047444c,RAND_BIN_LINE,BC,BC-GC1,DF,1,0143,BC_S11Farm_0143,K,,,Y,400,,,
SALK_047449c,RAND_BIN_LINE,BC,BC-GC1,DF,1,0144,BC_S11Farm_0144,K,,,Y,500,,,
SALK_047497c,RAND_BIN_LINE,BC,BC-GC1,DF,1,0145,BC_S11Farm_0145,K,,,Y,400,,,
SALK_047511c,RAND_BIN_LINE,BC,BC-GC1,DF,1,0146,BC_S11Farm_0146,K,,,Y,200,,,
SALK_047537c,RAND_BIN_LINE,BC,BC-GC1,DF,1,0147,BC_S11Farm_0147,K,,,Y,200,,,
SALK_047540c,RAND_BIN_LINE,BC,BC-GC1,DF,1,0148,BC_S11Farm_0148,K,,,Y,500,,,
SALK_047578c,RAND_BIN_LINE,BC,BC-GC1,DF,1,0149,BC_S11Farm_0149,K,,,Y,> 200,,,
SALK_047587c,RAND_BIN_LINE,BC,BC-GC1,DF,1,0150,BC_S11Farm_0150,K,,,Y,500,,,
SALK_047702c,RAND_BIN_LINE,BC,BC-GC1,DF,1,0151,BC_S11Farm_0151,K,,,Y,100,,,
SALK_047708c,RAND_BIN_LINE,BC,BC-GC1,DF,1,0152,BC_S11Farm_0152,K,,,Y,100,,,
SALK_047716c,RAND_BIN_LINE,BC,BC-GC1,DF,1,0153,BC_S11Farm_0153,K,,,Y,500,,,
SALK_047748c,RAND_BIN_LINE,BC,BC-GC1,DF,1,0154,BC_S11Farm_0154,K,,,Y,500,,,
SALK_047755c,RAND_BIN_LINE,BC,BC-GC1,DF,1,0155,BC_S11Farm_0155,K,,,Y,100,,,
SALK_047768c,RAND_BIN_LINE,BC,BC-GC1,DF,1,0006,BC_S11Farm_0006,K,,,N,,DNG,,
SALK_047784c,RAND_BIN_LINE,BC,BC-GC1,DF,1,0156,BC_S11Farm_0156,K,,,Y,500,,,
SALK_047784c,RAND_BIN_LINE,BC,BC-GC1,DF,1,0436,BC_S11Farm_0436,K,,,Y,,,,
SALK_047804c,RAND_BIN_LINE,BC,BC-GC1,DF,1,0157,BC_S11Farm_0157,O,,,Y,200,,,
SALK_047808c,RAND_BIN_LINE,BC,BC-GC1,DF,1,0158,BC_S11Farm_0158,O,,,Y,300,,,
SALK_047822c,RAND_BIN_LINE,BC,BC-GC1,DF,1,0159,BC_S11Farm_0159,O,,,Y,400,,,
SALK_047847c,RAND_BIN_LINE,BC,BC-GC1,DF,1,0160,BC_S11Farm_0160,O,,,Y,300,,,
SALK_047862c,RAND_BIN_LINE,BC,BC-GC1,DF,1,0437,BC_S11Farm_0437,O,,,Y,200,,,
SALK_047893c,RAND_BIN_LINE,BC,BC-GC1,DF,1,0161,BC_S11Farm_0161,O,,,Y,200,,,
SALK_047922c,RAND_BIN_LINE,BC,BC-GC1,DF,1,0162,BC_S11Farm_0162,O,,,Y,200,,,
SALK_047929c,RAND_BIN_LINE,BC,BC-GC1,DF,1,0163,BC_S11Farm_0163,O,,,Y,200,,,
SALK_047933c,RAND_BIN_LINE,BC,BC-GC1,DF,1,0164,BC_S11Farm_0164,O,,,Y,200,,,
SALK_047956c,RAND_BIN_LINE,BC,BC-GC1,DF,1,0165,BC_S11Farm_0165,O,,,Y,100,,,
SALK_047963c,RAND_BIN_LINE,BC,BC-GC1,DF,1,0166,BC_S11Farm_0166,O,,,Y,500,,,
SALK_047992c,RAND_BIN_LINE,BC,BC-GC1,DF,1,0167,BC_S11Farm_0167,O,,,Y,500,,,
SALK_047994c,RAND_BIN_LINE,BC,BC-GC1,DF,1,0168,BC_S11Farm_0168,O,,,Y,500,,,
SALK_048007c,RAND_BIN_LINE,BC,BC-GC1,DF,1,0169,BC_S11Farm_0169,O,,,Y,200,,,
SALK_048014c,RAND_BIN_LINE,BC,BC-GC1,DF,1,0170,BC_S11Farm_0170,O,,,Y,300,,,
SALK_048026c,RAND_BIN_LINE,BC,BC-GC1,DF,1,0171,BC_S11Farm_0171,O,,,Y,500,,,
SALK_048035c,RAND_BIN_LINE,BC,BC-GC1,DF,1,0172,BC_S11Farm_0172,O,,,Y,200,,,
SALK_048138c,RAND_BIN_LINE,BC,BC-GC1,DF,1,0173,BC_S11Farm_0173,O,,,Y,400,,,
SALK_048145c,RAND_BIN_LINE,BC,BC-GC1,DF,1,0174,BC_S11Farm_0174,O,,,Y,400,,,
SALK_048159c,RAND_BIN_LINE,BC,BC-GC1,DF,1,0175,BC_S11Farm_0175,O,,,Y,400,,,
SALK_048174c,RAND_BIN_LINE,BC,BC-GC1,DF,1,0007,BC_S11Farm_0007,O,,,N,,DNG,,
SALK_048175c,RAND_BIN_LINE,BC,BC-GC1,DF,1,0008,BC_S11Farm_0008,O,,,Y,,DIED,,plant died
SALK_048182c,RAND_BIN_LINE,BC,BC-GC1,DF,1,0176,BC_S11Farm_0176,O,,,Y,500,,,
SALK_048207c,RAND_BIN_LINE,BC,BC-GC1,DF,1,0177,BC_S11Farm_0177,O,,,Y,500,,,
SALK_048240c,RAND_BIN_LINE,BC,BC-GC1,DF,1,0438,BC_S11Farm_0438,O,,,Y,300,,,
SALK_048245c,RAND_BIN_LINE,BC,BC-GC1,DF,1,0178,BC_S11Farm_0178,O,,,Y,300,,,
SALK_048249c,RAND_BIN_LINE,BC,BC-GC1,DF,1,0009,BC_S11Farm_0009,O,,,N,,DNG,,
SALK_048257c,RAND_BIN_LINE,BC,BC-GC1,DF,1,0179,BC_S11Farm_0179,O,,,Y,200,,,
SALK_048274c,RAND_BIN_LINE,BC,BC-GC1,DF,1,0010,BC_S11Farm_0010,P,,,N,,DNG,,
SALK_048276c,RAND_BIN_LINE,BC,BC-GC1,DF,1,0180,BC_S11Farm_0180,P,,,Y,> 500,,,
SALK_048338c,RAND_BIN_LINE,BC,BC-GC1,DF,1,0181,BC_S11Farm_0181,P,,,Y,300,,,
SALK_048383c,RAND_BIN_LINE,BC,BC-GC1,DF,1,0182,BC_S11Farm_0182,P,,,Y,200,,,
SALK_048402c,RAND_BIN_LINE,BC,BC-GC1,DF,1,0183,BC_S11Farm_0183,P,,,Y,300,,,flowering
SALK_048414c,RAND_BIN_LINE,BC,BC-GC1,DF,1,0184,BC_S11Farm_0184,P,,,Y,100,,,
SALK_048434c,RAND_BIN_LINE,BC,BC-GC1,DF,1,0185,BC_S11Farm_0185,P,,,Y,200,,,
SALK_048444c,RAND_BIN_LINE,BC,BC-GC1,DF,1,0186,BC_S11Farm_0186,P,,,Y,300,,,
SALK_048448c,RAND_BIN_LINE,BC,BC-GC1,DF,1,0187,BC_S11Farm_0187,P,,,Y,200,,,
SALK_048461c,RAND_BIN_LINE,BC,BC-GC1,DF,1,0188,BC_S11Farm_0188,P,,,Y,200,,,
SALK_048465c,RAND_BIN_LINE,BC,BC-GC1,DF,1,0189,BC_S11Farm_0189,P,,,Y,100,,,
SALK_048470c,RAND_BIN_LINE,BC,BC-GC1,DF,1,0190,BC_S11Farm_0190,P,,,Y,,,,
SALK_048476c,RAND_BIN_LINE,BC,BC-GC1,DF,1,0191,BC_S11Farm_0191,P,,,Y,200,,,
SALK_048545c,RAND_BIN_LINE,BC,BC-GC1,DF,1,0192,BC_S11Farm_0192,P,,,Y,100,,,
SALK_048558c,RAND_BIN_LINE,BC,BC-GC1,DF,1,0011,BC_S11Farm_0011,P,,,N,,DNG,,
SALK_048619c,RAND_BIN_LINE,BC,BC-GC1,DF,1,0193,BC_S11Farm_0193,P,,,Y,300,,,
SALK_048627c,RAND_BIN_LINE,BC,BC-GC1,DF,1,0194,BC_S11Farm_0194,P,,,Y,100,,,
SALK_048634c,RAND_BIN_LINE,BC,BC-GC1,DF,1,0195,BC_S11Farm_0195,P,,,Y,400,,,
SALK_048642c,RAND_BIN_LINE,BC,BC-GC1,DF,1,0196,BC_S11Farm_0196,P,,,Y,300,,,
SALK_048669c,RAND_BIN_LINE,BC,BC-GC1,DF,1,0197,BC_S11Farm_0197,P,,,Y,500,,,
SALK_048767c,RAND_BIN_LINE,BC,BC-GC1,DF,1,0198,BC_S11Farm_0198,P,,,Y,200,,,
SALK_048771c,RAND_BIN_LINE,BC,BC-GC1,DF,1,0199,BC_S11Farm_0199,P,,,Y,500,,,
SALK_048780c,RAND_BIN_LINE,BC,BC-GC1,DF,1,0439,BC_S11Farm_0439,P,,,Y,300,,,
SALK_048823c,RAND_BIN_LINE,BC,BC-GC1,DF,1,0200,BC_S11Farm_0200,P,,,Y,,,,
SALK_048845c,RAND_BIN_LINE,BC,BC-GC1,DF,1,0201,BC_S11Farm_0201,P,,,Y,300,,,
SALK_048848c,RAND_BIN_LINE,BC,BC-GC1,DF,1,0202,BC_S11Farm_0202,P,,,Y,200,,,
SALK_048855c,RAND_BIN_LINE,BC,BC-GC1,DF,1,0203,BC_S11Farm_0203,P,,,Y,300,,,
SALK_048881c,RAND_BIN_LINE,BC,BC-GC1,DF,1,0204,BC_S11Farm_0204,P,,,Y,300,,,
SALK_048898c,RAND_BIN_LINE,BC,BC-GC1,DF,1,0205,BC_S11Farm_0205,J,,,Y,500,,,
SALK_048918c,RAND_BIN_LINE,BC,BC-GC1,DF,1,0206,BC_S11Farm_0206,J,,,Y,300,,,
SALK_048924c,RAND_BIN_LINE,BC,BC-GC1,DF,1,0440,BC_S11Farm_0440,J,,,Y,200,,,
SALK_048931c,RAND_BIN_LINE,BC,BC-GC1,DF,1,0012,BC_S11Farm_0012,J,,,N,,DNG,,
SALK_048952c,RAND_BIN_LINE,BC,BC-GC1,DF,1,0207,BC_S11Farm_0207,J,,,Y,500,,,
SALK_048957c,RAND_BIN_LINE,BC,BC-GC1,DF,1,0208,BC_S11Farm_0208,J,,,Y,300,,,
SALK_048968c,RAND_BIN_LINE,BC,BC-GC1,DF,1,0209,BC_S11Farm_0209,J,,,Y,200,,,
SALK_048970c,RAND_BIN_LINE,BC,BC-GC1,DF,1,0210,BC_S11Farm_0210,J,,,Y,> 200,,,
SALK_048985c,RAND_BIN_LINE,BC,BC-GC1,DF,1,0211,BC_S11Farm_0211,J,,,Y,100,,,
SALK_048987c,RAND_BIN_LINE,BC,BC-GC1,DF,1,0212,BC_S11Farm_0212,J,,,Y,> 200,,,
SALK_049022c,RAND_BIN_LINE,BC,BC-GC1,DF,1,0213,BC_S11Farm_0213,J,,,Y,> 200,,,
SALK_049079c,RAND_BIN_LINE,BC,BC-GC1,DF,1,0214,BC_S11Farm_0214,J,,,Y,100,,,
SALK_049089c,RAND_BIN_LINE,BC,BC-GC1,DF,1,0215,BC_S11Farm_0215,J,,,Y,200,,,
SALK_049092c,RAND_BIN_LINE,BC,BC-GC1,DF,1,0216,BC_S11Farm_0216,J,,,Y,> 200,,,
SALK_049114c,RAND_BIN_LINE,BC,BC-GC1,DF,1,0441,BC_S11Farm_0441,J,,,Y,200,,,
SALK_049142c,RAND_BIN_LINE,BC,BC-GC1,DF,1,0217,BC_S11Farm_0217,J,,,Y,300,,,
SALK_049220c,RAND_BIN_LINE,BC,BC-GC1,DF,1,0442,BC_S11Farm_0442,J,,,Y,200,,,
SALK_049229c,RAND_BIN_LINE,BC,BC-GC1,DF,1,0443,BC_S11Farm_0443,J,,,Y,200,,,
SALK_049244c,RAND_BIN_LINE,BC,BC-GC1,DF,1,0444,BC_S11Farm_0444,I,,,Y,300,,,
SALK_049248c,RAND_BIN_LINE,BC,BC-GC1,DF,1,0218,BC_S11Farm_0218,J,,,Y,200,,,
SALK_049273c,RAND_BIN_LINE,BC,BC-GC1,DF,1,0219,BC_S11Farm_0219,I,,,Y,300,,,
SALK_049331c,RAND_BIN_LINE,BC,BC-GC1,DF,1,0220,BC_S11Farm_0220,J,,,Y,50,,,
SALK_049342c,RAND_BIN_LINE,BC,BC-GC1,DF,1,0221,BC_S11Farm_0221,I,,,Y,500,,,flowering
SALK_049353c,RAND_BIN_LINE,BC,BC-GC1,DF,1,0222,BC_S11Farm_0222,J,,,Y,100,,,
SALK_049378c,RAND_BIN_LINE,BC,BC-GC1,DF,1,0223,BC_S11Farm_0223,I,,,Y,50,,,3 fruits on 6 cm inf
SALK_049403c,RAND_BIN_LINE,BC,BC-GC1,DF,1,0224,BC_S11Farm_0224,I,,,Y,200,,,
SALK_049409c,RAND_BIN_LINE,BC,BC-GC1,DF,1,0225,BC_S11Farm_0225,I,,,Y,500,,,
SALK_049436c,RAND_BIN_LINE,BC,BC-GC1,DF,1,0226,BC_S11Farm_0226,I,,,Y,300,,,
SALK_049446c,RAND_BIN_LINE,BC,BC-GC1,DF,1,0227,BC_S11Farm_0227,I,,,Y,300,,,already had flowers and fruits on 5/12/2011
SALK_049449c,RAND_BIN_LINE,BC,BC-GC1,DF,1,0228,BC_S11Farm_0228,I,,,Y,500,,,
SALK_049456c,RAND_BIN_LINE,BC,BC-GC1,DF,1,0445,BC_S11Farm_0445,I,,,Y,,,,
SALK_049466c,RAND_BIN_LINE,BC,BC-GC1,DF,1,0446,BC_S11Farm_0446,I,,,Y,> 500,,,
SALK_049470c,RAND_BIN_LINE,BC,BC-GC1,DF,1,0229,BC_S11Farm_0229,I,,,Y,500,,,
SALK_049506c,RAND_BIN_LINE,BC,BC-GC1,DF,1,0230,BC_S11Farm_0230,I,,,Y,> 100,,,
SALK_049529c,RAND_BIN_LINE,BC,BC-GC1,DF,1,0013,BC_S11Farm_0013,I,,,N,,DNG,,
SALK_049540c,RAND_BIN_LINE,BC,BC-GC1,DF,1,0231,BC_S11Farm_0231,I,,,Y,500,,,
SALK_049581c,RAND_BIN_LINE,BC,BC-GC1,DF,1,0232,BC_S11Farm_0232,I,,,Y,400,,,
SALK_049583c,RAND_BIN_LINE,BC,BC-GC1,DF,1,0233,BC_S11Farm_0233,I,,,Y,500,,,
SALK_049590c,RAND_BIN_LINE,BC,BC-GC1,DF,1,0234,BC_S11Farm_0234,I,,,Y,200,,,
SALK_049620c,RAND_BIN_LINE,BC,BC-GC1,DF,1,0014,BC_S11Farm_0014,I,,,Y,300,,,
SALK_049628c,RAND_BIN_LINE,BC,BC-GC1,DF,1,0015,BC_S11Farm_0015,I,,,N,,DNG,,
SALK_049633c,RAND_BIN_LINE,BC,BC-GC1,DF,1,0016,BC_S11Farm_0016,I,,,N,,DNG,,
SALK_049637c,RAND_BIN_LINE,BC,BC-GC1,DF,1,0235,BC_S11Farm_0235,N,,,Y,200,,,
SALK_049644c,RAND_BIN_LINE,BC,BC-GC1,DF,1,0236,BC_S11Farm_0236,N,,,Y,500,,,
SALK_049663c,RAND_BIN_LINE,BC,BC-GC1,DF,1,0237,BC_S11Farm_0237,N,,,Y,50,,,
SALK_049738c,RAND_BIN_LINE,BC,BC-GC1,DF,1,0238,BC_S11Farm_0238,N,,,Y,> 100,,,
SALK_049746c,RAND_BIN_LINE,BC,BC-GC1,DF,1,0239,BC_S11Farm_0239,N,,,Y,> 500,,,
SALK_049751c,RAND_BIN_LINE,BC,BC-GC1,DF,1,0017,BC_S11Farm_0017,N,,,N,,DNG,,
SALK_049754c,RAND_BIN_LINE,BC,BC-GC1,DF,1,0240,BC_S11Farm_0240,N,,,Y,300,,,
SALK_049763c,RAND_BIN_LINE,BC,BC-GC1,DF,1,0018,BC_S11Farm_0018,N,,,Y,,INS_FRUIT,,
SALK_049770c,RAND_BIN_LINE,BC,BC-GC1,DF,1,0241,BC_S11Farm_0241,N,,,Y,200,,,
SALK_049785c,RAND_BIN_LINE,BC,BC-GC1,DF,1,0242,BC_S11Farm_0242,N,,,Y,400,,,
SALK_049803c,RAND_BIN_LINE,BC,BC-GC1,DF,1,0243,BC_S11Farm_0243,N,,,Y,200,,,
SALK_049848c,RAND_BIN_LINE,BC,BC-GC1,DF,1,0244,BC_S11Farm_0244,N,,,Y,200,,,
SALK_049888c,RAND_BIN_LINE,BC,BC-GC1,DF,1,0245,BC_S11Farm_0245,N,,,Y,> 200,,,
SALK_049966c,RAND_BIN_LINE,BC,BC-GC1,DF,1,0246,BC_S11Farm_0246,N,,,Y,200,,,
SALK_049990c,RAND_BIN_LINE,BC,BC-GC1,DF,1,0247,BC_S11Farm_0247,N,,,Y,100,,,
SALK_050000c,RAND_BIN_LINE,BC,BC-GC1,DF,1,0248,BC_S11Farm_0248,N,,,Y,200,,,
SALK_050005c,RAND_BIN_LINE,BC,BC-GC1,DF,1,0249,BC_S11Farm_0249,N,,,Y,200,,,
SALK_050009c,RAND_BIN_LINE,BC,BC-GC1,DF,1,0250,BC_S11Farm_0250,N,,,Y,500,,,
SALK_050028c,RAND_BIN_LINE,BC,BC-GC1,DF,1,0251,BC_S11Farm_0251,N,,,Y,200,,,
SALK_050090c,RAND_BIN_LINE,BC,BC-GC1,DF,1,0252,BC_S11Farm_0252,N,,,Y,300,,,
SALK_050111c,RAND_BIN_LINE,BC,BC-GC1,DF,1,0253,BC_S11Farm_0253,N,,,Y,400,,,
SALK_050116c,RAND_BIN_LINE,BC,BC-GC1,DF,1,0254,BC_S11Farm_0254,N,,,Y,> 200,,,
SALK_050130c,RAND_BIN_LINE,BC,BC-GC1,DF,1,0255,BC_S11Farm_0255,N,,,Y,200,,,
SALK_050141c,RAND_BIN_LINE,BC,BC-GC1,DF,1,0256,BC_S11Farm_0256,N,,,Y,100,,,
SALK_050145c,RAND_BIN_LINE,BC,BC-GC1,DF,1,0257,BC_S11Farm_0257,N,,,Y,200,,,
SALK_050152c,RAND_BIN_LINE,BC,BC-GC1,DF,1,0258,BC_S11Farm_0258,N,,,Y,500,,,
SALK_050182c,RAND_BIN_LINE,BC,BC-GC1,DF,1,0259,BC_S11Farm_0259,N,,,Y,200,,,
SALK_050203c,RAND_BIN_LINE,BC,BC-GC1,DF,1,0260,BC_S11Farm_0260,N,,,Y,200,,,
SALK_050207c,RAND_BIN_LINE,BC,BC-GC1,DF,1,0019,BC_S11Farm_0019,M,,,N,,DNG,,
SALK_050239c,RAND_BIN_LINE,BC,BC-GC1,DF,1,0447,BC_S11Farm_0447,M,,,Y,> 200,,,
SALK_050249c,RAND_BIN_LINE,BC,BC-GC1,DF,1,0020,BC_S11Farm_0020,M,,,N,,DNG,,
SALK_050261c,RAND_BIN_LINE,BC,BC-GC1,DF,1,0261,BC_S11Farm_0261,M,,,Y,> 200,,,
SALK_050266c,RAND_BIN_LINE,BC,BC-GC1,DF,1,0262,BC_S11Farm_0262,M,,,Y,300,,,full inf. when found bolting
SALK_050287c,RAND_BIN_LINE,BC,BC-GC1,DF,1,0263,BC_S11Farm_0263,M,,,Y,> 200,,,
SALK_050561c,RAND_BIN_LINE,BC,BC-GC1,DF,1,0264,BC_S11Farm_0264,M,,,Y,> 100,,,
SALK_050669c,RAND_BIN_LINE,BC,BC-GC1,DF,1,0265,BC_S11Farm_0265,M,,,Y,> 500,,,
SALK_050704c,RAND_BIN_LINE,BC,BC-GC1,DF,1,0266,BC_S11Farm_0266,M,,,Y,300,,,
SALK_050728c,RAND_BIN_LINE,BC,BC-GC1,DF,1,0267,BC_S11Farm_0267,M,,,Y,0,INS_FRUIT,,
SALK_050756c,RAND_BIN_LINE,BC,BC-GC1,DF,1,0268,BC_S11Farm_0268,M,,,Y,3,INS_FRUIT,,
SALK_050903c,RAND_BIN_LINE,BC,BC-GC1,DF,1,0269,BC_S11Farm_0269,M,,,Y,> 500,,,
SALK_050906c,RAND_BIN_LINE,BC,BC-GC1,DF,1,0270,BC_S11Farm_0270,M,,,Y,> 200,,,
SALK_050915c,RAND_BIN_LINE,BC,BC-GC1,DF,1,0271,BC_S11Farm_0271,M,,,Y,0,INS_FRUIT,,
SALK_050923c,RAND_BIN_LINE,BC,BC-GC1,DF,1,0272,BC_S11Farm_0272,M,,,Y,> 500,,,
SALK_050926c,RAND_BIN_LINE,BC,BC-GC1,DF,1,0273,BC_S11Farm_0273,M,,,Y,0,INS_FRUIT,,
SALK_050938c,RAND_BIN_LINE,BC,BC-GC1,DF,1,0274,BC_S11Farm_0274,M,,,Y,> 100,,,
SALK_050948c,RAND_BIN_LINE,BC,BC-GC1,DF,1,0275,BC_S11Farm_0275,M,,,Y,> 100,,,
SALK_050949c,RAND_BIN_LINE,BC,BC-GC1,DF,1,0276,BC_S11Farm_0276,M,,,Y,0,INS_FRUITS,,stunted fruits
SALK_051012c,RAND_BIN_LINE,BC,BC-GC1,DF,1,0277,BC_S11Farm_0277,M,,,Y,100,,,
SALK_051039c,RAND_BIN_LINE,BC,BC-GC1,DF,1,0278,BC_S11Farm_0278,M,,,Y,> 200,,,
SALK_051074c,RAND_BIN_LINE,BC,BC-GC1,DF,1,0279,BC_S11Farm_0279,M,,,Y,100,,,
SALK_073574c,RAND_BIN_LINE,BC,BC-GC1,DF,1,0021,BC_S11Farm_0021,M,,,Y,,INS_FRUIT,,
SALK_073617c,RAND_BIN_LINE,BC,BC-GC1,DF,1,0280,BC_S11Farm_0280,M,,,Y,200,,,
SALK_073648c,RAND_BIN_LINE,BC,BC-GC1,DF,1,0448,BC_S11Farm_0448,M,,,Y,> 200,,,
SALK_073662c,RAND_BIN_LINE,BC,BC-GC1,DF,1,0022,BC_S11Farm_0022,M,,,N,,DNG,,
SALK_073669c,RAND_BIN_LINE,BC,BC-GC1,DF,1,0281,BC_S11Farm_0281,M,,,Y,500,,,
SALK_073708c,RAND_BIN_LINE,BC,BC-GC1,DF,1,0023,BC_S11Farm_0023,L,,,Y,,DIED,,plant died
SALK_073717c,RAND_BIN_LINE,BC,BC-GC1,DF,1,0282,BC_S11Farm_0282,L,,,Y,0,INS_FRUIT,,
SALK_073728c,RAND_BIN_LINE,BC,BC-GC1,DF,1,0283,BC_S11Farm_0283,L,,,Y,300,,,
SALK_073738c,RAND_BIN_LINE,BC,BC-GC1,DF,1,0284,BC_S11Farm_0284,L,,,Y,200,,,
SALK_073770c,RAND_BIN_LINE,BC,BC-GC1,DF,1,0285,BC_S11Farm_0285,M,,,Y,300,,,
SALK_073808c,RAND_BIN_LINE,BC,BC-GC1,DF,1,0286,BC_S11Farm_0286,L,,,Y,200,,,
SALK_073856c,RAND_BIN_LINE,BC,BC-GC1,DF,1,0287,BC_S11Farm_0287,L,,,Y,500,,,
SALK_073953c,RAND_BIN_LINE,BC,BC-GC1,DF,1,0288,BC_S11Farm_0288,L,,,Y,> 100,,,
SALK_073973c,RAND_BIN_LINE,BC,BC-GC1,DF,1,0289,BC_S11Farm_0289,L,,,Y,> 200,,,
SALK_074218c,RAND_BIN_LINE,BC,BC-GC1,DF,1,0290,BC_S11Farm_0290,L,,,Y,500,,,
SALK_074221c,RAND_BIN_LINE,BC,BC-GC1,DF,1,0291,BC_S11Farm_0291,L,,,Y,> 200,,,
SALK_074231c,RAND_BIN_LINE,BC,BC-GC1,DF,1,0024,BC_S11Farm_0024,L,,,N,,DNG,,plant germinated very late
SALK_074254c,RAND_BIN_LINE,BC,BC-GC1,DF,1,0292,BC_S11Farm_0292,L,,,Y,> 500,,,
SALK_074288c,RAND_BIN_LINE,BC,BC-GC1,DF,1,0293,BC_S11Farm_0293,L,,,Y,50,,,
SALK_074297c,RAND_BIN_LINE,BC,BC-GC1,DF,1,0294,BC_S11Farm_0294,L,,,Y,> 500,,,
SALK_074302c,RAND_BIN_LINE,BC,BC-GC1,DF,1,0295,BC_S11Farm_0295,L,,,Y,300,,,
SALK_074327c,RAND_BIN_LINE,BC,BC-GC1,DF,1,0296,BC_S11Farm_0296,L,,,Y,300,,,
SALK_074344c,RAND_BIN_LINE,BC,BC-GC1,DF,1,0297,BC_S11Farm_0297,L,,,Y,0,INS_FRUIT,,
SALK_074384c,RAND_BIN_LINE,BC,BC-GC1,DF,1,0025,BC_S11Farm_0025,L,,,N,,DNG,,plant germinated very late
SALK_074403c,RAND_BIN_LINE,BC,BC-GC1,DF,1,0298,BC_S11Farm_0298,L,,,Y,300,,,
SALK_074414c,RAND_BIN_LINE,BC,BC-GC1,DF,1,0299,BC_S11Farm_0299,Q,,,Y,100,,,
SALK_074523c,RAND_BIN_LINE,BC,BC-GC1,DF,1,0300,BC_S11Farm_0300,Q,,,Y,200,,,
SALK_074540c,RAND_BIN_LINE,BC,BC-GC1,DF,1,0301,BC_S11Farm_0301,Q,,,Y,200,,,
SALK_074568c,RAND_BIN_LINE,BC,BC-GC1,DF,1,0302,BC_S11Farm_0302,L,,,Y,200,,,
SALK_074593c,RAND_BIN_LINE,BC,BC-GC1,DF,1,0303,BC_S11Farm_0303,L,,,Y,300,,,
SALK_074601c,RAND_BIN_LINE,BC,BC-GC1,DF,1,0304,BC_S11Farm_0304,Q,,,Y,300,,,
SALK_074609c,RAND_BIN_LINE,BC,BC-GC1,DF,1,0305,BC_S11Farm_0305,Q,,,Y,300,,,
SALK_074725c,RAND_BIN_LINE,BC,BC-GC1,DF,1,0306,BC_S11Farm_0306,Q,,,Y,,,,
SALK_074788c,RAND_BIN_LINE,BC,BC-GC1,DF,1,0307,BC_S11Farm_0307,Q,,,Y,400,,,
SALK_074806c,RAND_BIN_LINE,BC,BC-GC1,DF,1,0308,BC_S11Farm_0308,Q,,,Y,500,,,
SALK_074807c,RAND_BIN_LINE,BC,BC-GC1,DF,1,0309,BC_S11Farm_0309,Q,,,Y,300,,,
SALK_074821c,RAND_BIN_LINE,BC,BC-GC1,DF,1,0310,BC_S11Farm_0310,Q,,,Y,300,,,
SALK_074830c,RAND_BIN_LINE,BC,BC-GC1,DF,1,0311,BC_S11Farm_0311,Q,,,Y,200,,,
SALK_074889c,RAND_BIN_LINE,BC,BC-GC1,DF,1,0312,BC_S11Farm_0312,Q,,,Y,300,,,
SALK_074896c,RAND_BIN_LINE,BC,BC-GC1,DF,1,0313,BC_S11Farm_0313,Q,,,Y,300,,,
SALK_074899c,RAND_BIN_LINE,BC,BC-GC1,DF,1,0314,BC_S11Farm_0314,Q,,,Y,300,,,
SALK_074901c,RAND_BIN_LINE,BC,BC-GC1,DF,1,0315,BC_S11Farm_0315,Q,,,Y,100,,,
SALK_074962c,RAND_BIN_LINE,BC,BC-GC1,DF,1,0316,BC_S11Farm_0316,Q,,,Y,200,,,
SALK_074964c,RAND_BIN_LINE,BC,BC-GC1,DF,1,0317,BC_S11Farm_0317,Q,,,Y,500,,,
SALK_074974c,RAND_BIN_LINE,BC,BC-GC1,DF,1,0026,BC_S11Farm_0026,Q,,,Y,,DIED,,"plant killed by moss, no seeds"
SALK_075035c,RAND_BIN_LINE,BC,BC-GC1,DF,1,0318,BC_S11Farm_0318,Q,,,Y,400,,,
SALK_075046c,RAND_BIN_LINE,BC,BC-GC1,DF,1,0319,BC_S11Farm_0319,Q,,,Y,200,,,
SALK_075228c,RAND_BIN_LINE,BC,BC-GC1,DF,1,0320,BC_S11Farm_0320,Q,,,Y,500,,,another tube of this salk line in flat U
SALK_075228c,RAND_BIN_LINE,BC,BC-GC1,DF,1,0321,BC_S11Farm_0321,Q,,,Y,,,,
SALK_075260c,RAND_BIN_LINE,BC,BC-GC1,DF,1,0322,BC_S11Farm_0322,U,,,Y,300,,,flowering
SALK_075261c,RAND_BIN_LINE,BC,BC-GC1,DF,1,0323,BC_S11Farm_0323,U,,,Y,500,,,thinned before transplanting--did not transplant!
SALK_075372c,RAND_BIN_LINE,BC,BC-GC1,DF,1,0324,BC_S11Farm_0324,U,,,Y,200,,,
SALK_075374c,RAND_BIN_LINE,BC,BC-GC1,DF,1,0325,BC_S11Farm_0325,U,,,Y,100,,,
SALK_075381c,RAND_BIN_LINE,BC,BC-GC1,DF,1,0326,BC_S11Farm_0326,U,,,Y,100,,,
SALK_075391c,RAND_BIN_LINE,BC,BC-GC1,DF,1,0327,BC_S11Farm_0327,U,,,Y,500,,,flowering
SALK_075421c,RAND_BIN_LINE,BC,BC-GC1,DF,1,0328,BC_S11Farm_0328,U,,,Y,> 500,,,
SALK_075433c,RAND_BIN_LINE,BC,BC-GC1,DF,1,0329,BC_S11Farm_0329,U,,,Y,300,,,
SALK_075484c,RAND_BIN_LINE,BC,BC-GC1,DF,1,0330,BC_S11Farm_0330,U,,,Y,100,,,
SALK_075496c,RAND_BIN_LINE,BC,BC-GC1,DF,1,0331,BC_S11Farm_0331,U,,,Y,300,,,
SALK_075516c,RAND_BIN_LINE,BC,BC-GC1,DF,1,0332,BC_S11Farm_0332,U,,,Y,400,,,
SALK_075519c,RAND_BIN_LINE,BC,BC-GC1,DF,1,0333,BC_S11Farm_0333,U,,,Y,200,,,
SALK_075540c,RAND_BIN_LINE,BC,BC-GC1,DF,1,0027,BC_S11Farm_0027,U,,,N,,DNG,,
SALK_075639c,RAND_BIN_LINE,BC,BC-GC1,DF,1,0028,BC_S11Farm_0028,U,,,Y,,DIED,,fungal spores; no seeds
SALK_075661c,RAND_BIN_LINE,BC,BC-GC1,DF,1,0334,BC_S11Farm_0334,U,,,Y,500,,,
SALK_075669c,RAND_BIN_LINE,BC,BC-GC1,DF,1,0335,BC_S11Farm_0335,U,,,Y,200,,,
SALK_075672c,RAND_BIN_LINE,BC,BC-GC1,DF,1,0336,BC_S11Farm_0336,U,,,Y,100,,,
SALK_075698c,RAND_BIN_LINE,BC,BC-GC1,DF,1,0029,BC_S11Farm_0029,U,,,N,,DNG,,
SALK_075713c,RAND_BIN_LINE,BC,BC-GC1,DF,1,0337,BC_S11Farm_0337,U,,,Y,400,,,
SALK_075724c,RAND_BIN_LINE,BC,BC-GC1,DF,1,0338,BC_S11Farm_0338,U,,,Y,500,,,
SALK_075753c,RAND_BIN_LINE,BC,BC-GC1,DF,1,0339,BC_S11Farm_0339,U,,,Y,,,,
SALK_075758c,RAND_BIN_LINE,BC,BC-GC1,DF,1,0030,BC_S11Farm_0030,U,,,N,,DNG,,
SALK_075796c,RAND_BIN_LINE,BC,BC-GC1,DF,1,0340,BC_S11Farm_0340,U,,,Y,300,,,
SALK_075797c,RAND_BIN_LINE,BC,BC-GC1,DF,1,0341,BC_S11Farm_0341,U,,,Y,100,,,
SALK_075841c,RAND_BIN_LINE,BC,BC-GC1,DF,1,0342,BC_S11Farm_0342,U,,,Y,400,,,
SALK_075873c,RAND_BIN_LINE,BC,BC-GC1,DF,1,0343,BC_S11Farm_0343,U,,,Y,300,,,
SALK_075879c,RAND_BIN_LINE,BC,BC-GC1,DF,1,0344,BC_S11Farm_0344,R,,,Y,300,,,
SALK_075882c,RAND_BIN_LINE,BC,BC-GC1,DF,1,0345,BC_S11Farm_0345,R,,,Y,200,,,
SALK_075913c,RAND_BIN_LINE,BC,BC-GC1,DF,1,0346,BC_S11Farm_0346,R,,,Y,300,,,
SALK_075931c,RAND_BIN_LINE,BC,BC-GC1,DF,1,0347,BC_S11Farm_0347,R,,,Y,200,,,
SALK_075951c,RAND_BIN_LINE,BC,BC-GC1,DF,1,0348,BC_S11Farm_0348,R,,,Y,50,,,
SALK_075966c,RAND_BIN_LINE,BC,BC-GC1,DF,1,0349,BC_S11Farm_0349,R,,,Y,400,,,
SALK_075970c,RAND_BIN_LINE,BC,BC-GC1,DF,1,0350,BC_S11Farm_0350,R,,,Y,200,,,
SALK_075994c,RAND_BIN_LINE,BC,BC-GC1,DF,1,0351,BC_S11Farm_0351,R,,,Y,300,,,
SALK_076002c,RAND_BIN_LINE,BC,BC-GC1,DF,1,0352,BC_S11Farm_0352,R,,,Y,50,,,
SALK_076054c,RAND_BIN_LINE,BC,BC-GC1,DF,1,0353,BC_S11Farm_0353,R,,,Y,400,,,
SALK_076060c,RAND_BIN_LINE,BC,BC-GC1,DF,1,0354,BC_S11Farm_0354,R,,,Y,400,,,
SALK_076067c,RAND_BIN_LINE,BC,BC-GC1,DF,1,0355,BC_S11Farm_0355,R,,,Y,300,,,
SALK_076082c,RAND_BIN_LINE,BC,BC-GC1,DF,1,0356,BC_S11Farm_0356,R,,,Y,400,,,
SALK_076158c,RAND_BIN_LINE,BC,BC-GC1,DF,1,0357,BC_S11Farm_0357,R,,,Y,20,,,few seeds; plant fungus-y and discarded
SALK_076197c,RAND_BIN_LINE,BC,BC-GC1,DF,1,0358,BC_S11Farm_0358,R,,,Y,300,,,
SALK_076216c,RAND_BIN_LINE,BC,BC-GC1,DF,1,0031,BC_S11Farm_0031,R,,,Y,,DIED,,plant died
SALK_076273c,RAND_BIN_LINE,BC,BC-GC1,DF,1,0359,BC_S11Farm_0359,R,,,Y,300,,,**flowering
SALK_076324c,RAND_BIN_LINE,BC,BC-GC1,DF,1,0360,BC_S11Farm_0360,R,,,Y,400,,,
SALK_076337c,RAND_BIN_LINE,BC,BC-GC1,DF,1,0361,BC_S11Farm_0361,R,,,Y,200,,,full inf. when found bolting
SALK_076362c,RAND_BIN_LINE,BC,BC-GC1,DF,1,0362,BC_S11Farm_0362,R,,,Y,500,,,
SALK_076366c,RAND_BIN_LINE,BC,BC-GC1,DF,1,0363,BC_S11Farm_0363,R,,,Y,100,,,
SALK_108622c,RAND_BIN_LINE,BC,BC-GC1,DF,1,0032,BC_S11Farm_0032,R,,,N,,DNG,,
SALK_108641c,RAND_BIN_LINE,BC,BC-GC1,DF,1,0364,BC_S11Farm_0364,T,,,Y,400,,,
SALK_108667c,RAND_BIN_LINE,BC,BC-GC1,DF,1,0365,BC_S11Farm_0365,T,,,Y,300,,,
SALK_108715c,RAND_BIN_LINE,BC,BC-GC1,DF,1,0366,BC_S11Farm_0366,T,,,Y,200,,,
SALK_108742c,RAND_BIN_LINE,BC,BC-GC1,DF,1,0367,BC_S11Farm_0367,T,,,Y,200,,,
SALK_108798c,RAND_BIN_LINE,BC,BC-GC1,DF,1,0368,BC_S11Farm_0368,T,,,Y,400,,,
SALK_108849c,RAND_BIN_LINE,BC,BC-GC1,DF,1,0369,BC_S11Farm_0369,T,,,Y,400,,,
SALK_108952c,RAND_BIN_LINE,BC,BC-GC1,DF,1,0370,BC_S11Farm_0370,T,,,Y,200,,,
SALK_109010c,RAND_BIN_LINE,BC,BC-GC1,DF,1,0371,BC_S11Farm_0371,T,,,Y,300,,,
SALK_109028c,RAND_BIN_LINE,BC,BC-GC1,DF,1,0372,BC_S11Farm_0372,T,,,Y,100,,,
SALK_109114c,RAND_BIN_LINE,BC,BC-GC1,DF,1,0373,BC_S11Farm_0373,T,,,Y,400,,,
SALK_109121c,RAND_BIN_LINE,BC,BC-GC1,DF,1,0374,BC_S11Farm_0374,T,,,Y,200,,,
SALK_109161c,RAND_BIN_LINE,BC,BC-GC1,DF,1,0033,BC_S11Farm_0033,T,,,N,,DNG,,
SALK_109179c,RAND_BIN_LINE,BC,BC-GC1,DF,1,0375,BC_S11Farm_0375,T,,,Y,,,,
SALK_109205c,RAND_BIN_LINE,BC,BC-GC1,DF,1,0376,BC_S11Farm_0376,T,,,Y,> 500,,,
SALK_109217c,RAND_BIN_LINE,BC,BC-GC1,DF,1,0377,BC_S11Farm_0377,T,,,Y,500,,,
SALK_109368c,RAND_BIN_LINE,BC,BC-GC1,DF,1,0034,BC_S11Farm_0034,T,,,N,,DNG,,
SALK_109391c,RAND_BIN_LINE,BC,BC-GC1,DF,1,0378,BC_S11Farm_0378,T,,,Y,> 500,,,
SALK_109396c,RAND_BIN_LINE,BC,BC-GC1,DF,1,0035,BC_S11Farm_0035,T,,,N,,DNG,,
SALK_109408c,RAND_BIN_LINE,BC,BC-GC1,DF,1,0379,BC_S11Farm_0379,T,,,Y,,,,had flowers
SALK_109421c,RAND_BIN_LINE,BC,BC-GC1,DF,1,0380,BC_S11Farm_0380,T,,,Y,500,,,flowering
SALK_109450c,RAND_BIN_LINE,BC,BC-GC1,DF,1,0036,BC_S11Farm_0036,T,,,N,,DNG,,
SALK_109513c,RAND_BIN_LINE,BC,BC-GC1,DF,1,0381,BC_S11Farm_0381,T,,,Y,500,,,
SALK_109554c,RAND_BIN_LINE,BC,BC-GC1,DF,1,0382,BC_S11Farm_0382,T,,,Y,200,,,
SALK_109591c,RAND_BIN_LINE,BC,BC-GC1,DF,1,0383,BC_S11Farm_0383,T,,,Y,500,,,
SALK_109596c,RAND_BIN_LINE,BC,BC-GC1,DF,1,0037,BC_S11Farm_0037,T,,,N,,DNG,,
SALK_109611c,RAND_BIN_LINE,BC,BC-GC1,DF,1,0384,BC_S11Farm_0384,T,,,Y,200,,,
SALK_109626c,RAND_BIN_LINE,BC,BC-GC1,DF,1,0385,BC_S11Farm_0385,S,,,Y,500,,,
SALK_109745c,RAND_BIN_LINE,BC,BC-GC1,DF,1,0386,BC_S11Farm_0386,S,,,Y,400,,,
SALK_109830c,RAND_BIN_LINE,BC,BC-GC1,DF,1,0387,BC_S11Farm_0387,S,,,Y,50,,,stunted fruits
SALK_109844c,RAND_BIN_LINE,BC,BC-GC1,DF,1,0388,BC_S11Farm_0388,S,,,Y,,,,
SALK_109908c,RAND_BIN_LINE,BC,BC-GC1,DF,1,0389,BC_S11Farm_0389,S,,,Y,400,,,
SALK_109921c,RAND_BIN_LINE,BC,BC-GC1,DF,1,0390,BC_S11Farm_0390,S,,,Y,> 500,,,
SALK_109946c,RAND_BIN_LINE,BC,BC-GC1,DF,1,0391,BC_S11Farm_0391,S,,,Y,200,,,
SALK_109958c,RAND_BIN_LINE,BC,BC-GC1,DF,1,0392,BC_S11Farm_0392,S,,,Y,500,,,
SALK_109969c,RAND_BIN_LINE,BC,BC-GC1,DF,1,0449,BC_S11Farm_0449,S,,,Y,100,,,
SALK_110002c,RAND_BIN_LINE,BC,BC-GC1,DF,1,0393,BC_S11Farm_0393,S,,,Y,,,,
SALK_110031c,RAND_BIN_LINE,BC,BC-GC1,DF,1,0394,BC_S11Farm_0394,S,,,Y,400,,,
SALK_110046c,RAND_BIN_LINE,BC,BC-GC1,DF,1,0395,BC_S11Farm_0395,S,,,Y,> 500,,,
SALK_110124c,RAND_BIN_LINE,BC,BC-GC1,DF,1,0038,BC_S11Farm_0038,S,,,N,,DNG,,
SALK_110128c,RAND_BIN_LINE,BC,BC-GC1,DF,1,0396,BC_S11Farm_0396,S,,,Y,200,,,
SALK_110138c,RAND_BIN_LINE,BC,BC-GC1,DF,1,0039,BC_S11Farm_0039,S,,,Y,,INS_FRUIT,,
SALK_110145c,RAND_BIN_LINE,BC,BC-GC1,DF,1,0397,BC_S11Farm_0397,S,,,Y,500,,,
SALK_110194c,RAND_BIN_LINE,BC,BC-GC1,DF,1,0398,BC_S11Farm_0398,S,,,Y,100,,,"plant fungus-y, few seeds"
SALK_110253c,RAND_BIN_LINE,BC,BC-GC1,DF,1,0399,BC_S11Farm_0399,S,,,Y,500,,,
SALK_110299c,RAND_BIN_LINE,BC,BC-GC1,DF,1,0400,BC_S11Farm_0400,S,,,Y,300,,,
SALK_110320c,RAND_BIN_LINE,BC,BC-GC1,DF,1,0401,BC_S11Farm_0401,S,,,Y,200,,,
SALK_110339c,RAND_BIN_LINE,BC,BC-GC1,DF,1,0402,BC_S11Farm_0402,S,,,Y,> 500,,,
SALK_110348c,RAND_BIN_LINE,BC,BC-GC1,DF,1,0403,BC_S11Farm_0403,S,,,Y,400,,,
SALK_110355c,RAND_BIN_LINE,BC,BC-GC1,DF,1,0404,BC_S11Farm_0404,W,,,Y,400,,,
SALK_110440c,RAND_BIN_LINE,BC,BC-GC1,DF,1,0450,BC_S11Farm_0450,W,,,Y,100,,,
SALK_110520c,RAND_BIN_LINE,BC,BC-GC1,DF,1,0405,BC_S11Farm_0405,W,,,Y,200,,,
SALK_110534c,RAND_BIN_LINE,BC,BC-GC1,DF,1,0040,BC_S11Farm_0040,W,,,Y,,INS_FRUIT,,no seeds
SALK_110551c,RAND_BIN_LINE,BC,BC-GC1,DF,1,0406,BC_S11Farm_0406,W,,,Y,,,,
SALK_110563c,RAND_BIN_LINE,BC,BC-GC1,DF,1,0407,BC_S11Farm_0407,W,,,Y,200,,,
SALK_110587c,RAND_BIN_LINE,BC,BC-GC1,DF,1,0408,BC_S11Farm_0408,W,,,Y,300,,,
SALK_110590c,RAND_BIN_LINE,BC,BC-GC1,DF,1,0409,BC_S11Farm_0409,W,,,Y,100,,,
SALK_110610c,RAND_BIN_LINE,BC,BC-GC1,DF,1,0410,BC_S11Farm_0410,W,,,Y,50,,,
SALK_110684c,RAND_BIN_LINE,BC,BC-GC1,DF,1,0411,BC_S11Farm_0411,W,,,Y,400,,,
SALK_110691c,RAND_BIN_LINE,BC,BC-GC1,DF,1,0412,BC_S11Farm_0412,W,,,Y,100,,,full inf when found bolting
SALK_110696c,RAND_BIN_LINE,BC,BC-GC1,DF,1,0413,BC_S11Farm_0413,W,,,Y,500,,,flowering
SALK_110713c,RAND_BIN_LINE,BC,BC-GC1,DF,1,0414,BC_S11Farm_0414,W,,,Y,100,,,
SALK_110714c,RAND_BIN_LINE,BC,BC-GC1,DF,1,0415,BC_S11Farm_0415,W,,,Y,400,,,
SALK_110809c,RAND_BIN_LINE,BC,BC-GC1,DF,1,0041,BC_S11Farm_0041,W,,,N,,DNG,,plant growing too small to be correct SALK number
SALK_110830c,RAND_BIN_LINE,BC,BC-GC1,DF,1,0416,BC_S11Farm_0416,W,,,Y,400,,,flowering
SALK_110861c,RAND_BIN_LINE,BC,BC-GC1,DF,1,0417,BC_S11Farm_0417,W,,,Y,> 500,,,
SALK_110904c,RAND_BIN_LINE,BC,BC-GC1,DF,1,0418,BC_S11Farm_0418,W,,,Y,400,,,
SALK_110906c,RAND_BIN_LINE,BC,BC-GC1,DF,1,0419,BC_S11Farm_0419,W,,,Y,100,,,
SALK_110928c,RAND_BIN_LINE,BC,BC-GC1,DF,1,0420,BC_S11Farm_0420,W,,,Y,200,,,
SALK_111020c,RAND_BIN_LINE,BC,BC-GC1,DF,1,0042,BC_S11Farm_0042,W,,,N,,DNG,,
SALK_111046c,RAND_BIN_LINE,BC,BC-GC1,DF,1,0043,BC_S11Farm_0043,V,,,Y,,DIED,,plant died
SALK_111091c,RAND_BIN_LINE,BC,BC-GC1,DF,1,0421,BC_S11Farm_0421,V,,,Y,300,,,
SALK_111104c,RAND_BIN_LINE,BC,BC-GC1,DF,1,0422,BC_S11Farm_0422,V,,,Y,500,,,
SALK_111105c,RAND_BIN_LINE,BC,BC-GC1,DF,1,0423,BC_S11Farm_0423,V,,,Y,100,,,full inf when found bolting
SALK_111140c,RAND_BIN_LINE,BC,BC-GC1,DF,1,0424,BC_S11Farm_0424,V,,,Y,200,,,
SALK_111173c,RAND_BIN_LINE,BC,BC-GC1,DF,1,0044,BC_S11Farm_0044,V,,,N,,DNG,,found a plant; no record of germination
SALK_111176c,RAND_BIN_LINE,BC,BC-GC1,DF,1,0425,BC_S11Farm_0425,V,,,Y,200,,,
SALK_111184c,RAND_BIN_LINE,BC,BC-GC1,DF,1,0426,BC_S11Farm_0426,V,,,Y,50,,,full inf when found germinating
SALK_111188c,RAND_BIN_LINE,BC,BC-GC1,DF,1,0427,BC_S11Farm_0427,V,,,Y,300,,,
SALK_111268c,RAND_BIN_LINE,BC,BC-GC1,DF,1,0428,BC_S11Farm_0428,V,,,Y,400,,,
SALK_111270c,RAND_BIN_LINE,BC,BC-GC1,DF,1,0429,BC_S11Farm_0429,V,,,Y,500,,,
SALK_111271c,RAND_BIN_LINE,BC,BC-GC1,DF,1,0045,BC_S11Farm_0045,V,,,N,,DNG,,
SALK_111281c,RAND_BIN_LINE,BC,BC-GC1,DF,1,0046,BC_S11Farm_0046,V,,,Y,,DIED,,looks like original plant died; growing plant not correct SALK #
SALK_111316c,RAND_BIN_LINE,BC,BC-GC1,DF,1,0047,BC_S11Farm_0047,V,,,N,,DNG,,
SALK_111350c,RAND_BIN_LINE,BC,BC-GC1,DF,1,0048,BC_S11Farm_0048,V,,,N,,DNG,,