accession,line_type,parent_plant_id,institution,facility,expt_type,expt_id,farm_plantnum,plant_id,tray,row,column,germ,fruit_quantity,tissue_collected,outcome,comments,REFARM?,REFARM_EXPTID,REFARM_COMMENTS
SALK_001496C,CofC_S11Farm_REFARM,,CofC,NGH,SF,01,0167,CofC_SF01_0167,6,B,3,Y,,,DIED,Resown,Y,SF05,
SALK_002674C,CofC_S11Farm_REFARM,,CofC,NGH,SF,01,0156,CofC_SF01_0156,5,G,4,Y,,,DIED,Resown,Y,SF05,
SALK_006260C,CofC_S11Farm_REFARM,,CofC,NGH,SF,01,0304,CofC_SF01_0304,10,D,4,Y,,,DIED,,Y,SF05,
SALK_013567C,CofC_S11Farm_REFARM,,CofC,NGH,SF,01,0033,CofC_SF01_0033,2,A,1,Y,,,DIED,,Y,SF05,
SALK_021394C,CofC_S11Farm_REFARM,,CofC,NGH,SF,01,0316,CofC_SF01_0316,10,G,4,Y,,,DIED,,Y,SF05,
SALK_047537C,CofC_S11Farm_REFARM,,CofC,NGH,SF,01,0042,CofC_SF01_0042,2,C,2,Y,,,DIED,Resown,Y,SF05,
SALK_047540C,CofC_S11Farm_REFARM,,CofC,NGH,SF,01,0144,CofC_SF01_0144,5,D,4,Y,,,DIED,,Y,SF05,
SALK_071126C,CofC_S11Farm_REFARM,,CofC,NGH,SF,01,0234,CofC_SF01_0234,8,C,2,Y,,,DIED,Resown,Y,SF05,
SALK_087493C,CofC_S11Farm_REFARM,,CofC,NGH,SF,01,0210,CofC_SF01_0210,7,E,2,Y,,,DIED,Resown,Y,SF05,
SALK_114007C,CofC_S11Farm_REFARM,,CofC,NGH,SF,01,0285,CofC_SF01_0285,9,H,1,Y,,,DIED,Resown,Y,NA,"Mysterious SALK line, does not exist"
SALK_119765C,CofC_S11Farm_REFARM,,CofC,NGH,SF,01,0098,CofC_SF01_0098,4,A,2,Y,,,DIED,Resown; mislabeled 119705C,Y,SF05,
SALK_136612C,CofC_S11Farm_REFARM,,CofC,NGH,SF,01,0268,CofC_SF01_0268,9,C,4,Y,,,DIED,,Y,SF05,
SALK_137031C,CofC_S11Farm_REFARM,,CofC,NGH,SF,01,0271,CofC_SF01_0271,9,D,3,Y,,,DIED,,Y,SF05,
SALK_139411C,CofC_S11Farm_REFARM,,CofC,NGH,SF,01,0036,CofC_SF01_0036,2,A,4,Y,,,DIED,,Y,SF05,
SALK_139541C,CofC_S11Farm_REFARM,,CofC,NGH,SF,01,0287,CofC_SF01_0287,9,H,3,Y,,,DIED,Resown,Y,SF05,
SALK_001169C,CofC_S11Farm_REFARM,,CofC,NGH,SF,01,0200,CofC_SF01_0200,7,B,4,N,,,DNG,Resown,Y,SF05,
SALK_005569C,CofC_S11Farm_REFARM,,CofC,NGH,SF,01,0158,CofC_SF01_0158,5,H,2,N,,,DNG,Resown,Y,SF05,
SALK_013113C,CofC_S11Farm_REFARM,,CofC,NGH,SF,01,0016,CofC_SF01_0016,1,D,4,N,,,DNG,Resown,Y,SF05,
SALK_013129C,CofC_S11Farm_REFARM,,CofC,NGH,SF,01,0066,CofC_SF01_0066,3,A,2,N,,,DNG,Resown,Y,SF05,
SALK_014641C,CofC_S11Farm_REFARM,,CofC,NGH,SF,01,0317,CofC_SF01_0317,10,H,1,N,,,DNG,Resown,Y,SF05,
SALK_016798C,CofC_S11Farm_REFARM,,CofC,NGH,SF,01,0002,CofC_SF01_0002,1,A,2,N,,,DNG,Resown,Y,SF05,
SALK_016841C,CofC_S11Farm_REFARM,,CofC,NGH,SF,01,0051,CofC_SF01_0051,2,E,3,N,,,DNG,Resown,Y,SF05,
SALK_018664C,CofC_S11Farm_REFARM,,CofC,NGH,SF,01,0264,CofC_SF01_0264,9,B,4,N,,,DNG,Resown,Y,SF05,
SALK_021865C,CofC_S11Farm_REFARM,,CofC,NGH,SF,01,0199,CofC_SF01_0199,7,B,3,N,,,DNG,Resown,Y,NA,Could not locate seeds for refarming in SF05
SALK_022107C,CofC_S11Farm_REFARM,,CofC,NGH,SF,01,0314,CofC_SF01_0314,10,G,2,N,,,DNG,Resown,Y,SF05,
SALK_022192C,CofC_S11Farm_REFARM,,CofC,NGH,SF,01,0049,CofC_SF01_0049,2,E,1,N,,,DNG,Resown,Y,SF05,
SALK_022429C,CofC_S11Farm_REFARM,,CofC,NGH,SF,01,0273,CofC_SF01_0273,9,E,1,N,,,DNG,Resown,Y,SF05,
SALK_022708C,CofC_S11Farm_REFARM,,CofC,NGH,SF,01,0015,CofC_SF01_0015,1,D,3,N,,,DNG,Resown,Y,SF05,
SALK_023411C,CofC_S11Farm_REFARM,,CofC,NGH,SF,01,0307,CofC_SF01_0307,10,E,3,N,,,DNG,Resown,Y,SF05,
SALK_024198C,CofC_S11Farm_REFARM,,CofC,NGH,SF,01,0119,CofC_SF01_0119,4,F,3,N,,,DNG,Resown,Y,SF05,
SALK_025269C,CofC_S11Farm_REFARM,,CofC,NGH,SF,01,0171,CofC_SF01_0171,6,C,3,N,,,DNG,Resown,Y,SF05,
SALK_025839C,CofC_S11Farm_REFARM,,CofC,NGH,SF,01,0274,CofC_SF01_0274,9,E,2,N,,,DNG,Resown,Y,SF07,NOTE: during SF01 accidentally labeled wrong (labeled 025893C)
SALK_026580C,CofC_S11Farm_REFARM,,CofC,NGH,SF,01,0083,CofC_SF01_0083,3,E,3,N,,,DNG,Resown,Y,SF05,
SALK_027329C,CofC_S11Farm_REFARM,,CofC,NGH,SF,01,0204,CofC_SF01_0204,7,C,4,N,,,DNG,Resown,Y,SF05,
SALK_029403C,CofC_S11Farm_REFARM,,CofC,NGH,SF,01,0181,CofC_SF01_0181,6,F,1,N,,,DNG,Resown,Y,SF05,
SALK_029626C,CofC_S11Farm_REFARM,,CofC,NGH,SF,01,0293,CofC_SF01_0293,10,B,1,N,,,DNG,Resown,Y,SF05,
SALK_032802C,CofC_S11Farm_REFARM,,CofC,NGH,SF,01,0040,CofC_SF01_0040,2,B,4,N,,,DNG,Resown,Y,SF05,
SALK_040296C,CofC_S11Farm_REFARM,,CofC,NGH,SF,01,0104,CofC_SF01_0104,4,B,4,N,,,DNG,Resown,Y,SF05,
SALK_045037C,CofC_S11Farm_REFARM,,CofC,NGH,SF,01,0184,CofC_SF01_0184,6,F,4,N,,,DNG,Resown,Y,SF05,
SALK_047893C,CofC_S11Farm_REFARM,,CofC,NGH,SF,01,0108,CofC_SF01_0108,4,C,4,N,,,DNG,Resown,Y,SF05,
SALK_055818C,CofC_S11Farm_REFARM,,CofC,NGH,SF,01,0046,CofC_SF01_0046,2,D,2,N,,,DNG,,Y,SF05,
SALK_059645C,CofC_S11Farm_REFARM,,CofC,NGH,SF,01,0213,CofC_SF01_0213,7,F,1,N,,,DNG,Resown,Y,SF05,
SALK_064540C,CofC_S11Farm_REFARM,,CofC,NGH,SF,01,0077,CofC_SF01_0077,3,D,1,N,,,DNG,Resown,Y,SF05,
SALK_067859C,CofC_S11Farm_REFARM,,CofC,NGH,SF,01,0105,CofC_SF01_0105,4,C,1,N,,,DNG,Resown,Y,SF05,
SALK_068008C,CofC_S11Farm_REFARM,,CofC,NGH,SF,01,0208,CofC_SF01_0208,7,D,4,N,,,DNG,Resown,Y,SF05,
SALK_069489C,CofC_S11Farm_REFARM,,CofC,NGH,SF,01,0227,CofC_SF01_0227,8,A,3,N,,,DNG,Resown,Y,SF05,
SALK_072807C,CofC_S11Farm_REFARM,,CofC,NGH,SF,01,0266,CofC_SF01_0266,9,C,2,N,,,DNG,Resown,Y,SF05,
SALK_073483C,CofC_S11Farm_REFARM,,CofC,NGH,SF,01,0193,CofC_SF01_0193,7,A,1,N,,,DNG,Resown,Y,SF05,
SALK_076550C,CofC_S11Farm_REFARM,,CofC,NGH,SF,01,0120,CofC_SF01_0120,4,F,4,N,,,DNG,Resown,Y,SF05,
SALK_077704C,CofC_S11Farm_REFARM,,CofC,NGH,SF,01,0277,CofC_SF01_0277,9,F,1,N,,,DNG,Resown,Y,SF05,
SALK_078782C,CofC_S11Farm_REFARM,,CofC,NGH,SF,01,0081,CofC_SF01_0081,3,E,1,N,,,DNG,Resown,Y,SF05,
SALK_079430C,CofC_S11Farm_REFARM,,CofC,NGH,SF,01,0206,CofC_SF01_0206,7,D,2,N,,,DNG,Resown,Y,SF05,
SALK_080724C,CofC_S11Farm_REFARM,,CofC,NGH,SF,01,0259,CofC_SF01_0259,9,A,3,N,,,DNG,Resown,Y,SF05,
SALK_082840C,CofC_S11Farm_REFARM,,CofC,NGH,SF,01,0294,CofC_SF01_0294,10,B,2,N,,,DNG,Resown,Y,SF05,
SALK_083802C,CofC_S11Farm_REFARM,,CofC,NGH,SF,01,0137,CofC_SF01_0137,5,C,1,N,,,DNG,Resown,Y,SF05,
SALK_086894C,CofC_S11Farm_REFARM,,CofC,NGH,SF,01,0269,CofC_SF01_0269,9,D,1,N,,,DNG,Resown,Y,SF05,
SALK_090239C,CofC_S11Farm_REFARM,,CofC,NGH,SF,01,0140,CofC_SF01_0140,5,C,4,N,,,DNG,Resown,Y,SF05,
SALK_101543C,CofC_S11Farm_REFARM,,CofC,NGH,SF,01,0058,CofC_SF01_0058,2,G,2,N,,,DNG,Resown,Y,SF05,
SALK_101874C,CofC_S11Farm_REFARM,,CofC,NGH,SF,01,0100,CofC_SF01_0100,4,A,4,N,,,DNG,Resown,Y,SF05,
SALK_102754C,CofC_S11Farm_REFARM,,CofC,NGH,SF,01,0086,CofC_SF01_0086,3,F,2,N,,,DNG,Resown,Y,SF05,
SALK_103127C,CofC_S11Farm_REFARM,,CofC,NGH,SF,01,0111,CofC_SF01_0111,4,D,3,N,,,DNG,Resown,Y,SF05,
SALK_103345C,CofC_S11Farm_REFARM,,CofC,NGH,SF,01,0170,CofC_SF01_0170,6,C,2,N,,,DNG,Resown,Y,SF05,
SALK_105816C,CofC_S11Farm_REFARM,,CofC,NGH,SF,01,0109,CofC_SF01_0109,4,D,1,N,,,DNG,Resown,Y,SF05,
SALK_105880C,CofC_S11Farm_REFARM,,CofC,NGH,SF,01,0172,CofC_SF01_0172,6,C,4,N,,,DNG,Resown,Y,SF05,
SALK_107968C,CofC_S11Farm_REFARM,,CofC,NGH,SF,01,0069,CofC_SF01_0069,3,B,1,N,,,DNG,Resown,Y,SF05,
SALK_110809C,CofC_S11Farm_REFARM,,CofC,NGH,SF,01,0225,CofC_SF01_0225,8,A,1,N,,,DNG,Resown,Y,SF05,
SALK_114463C,CofC_S11Farm_REFARM,,CofC,NGH,SF,01,0106,CofC_SF01_0106,4,C,2,N,,,DNG,Resown,Y,SF05,
SALK_114514C,CofC_S11Farm_REFARM,,CofC,NGH,SF,01,0211,CofC_SF01_0211,7,E,3,N,,,DNG,Resown,Y,SF05,
SALK_115494C,CofC_S11Farm_REFARM,,CofC,NGH,SF,01,0186,CofC_SF01_0186,6,G,2,N,,,DNG,Resown,Y,SF05,
SALK_116974C,CofC_S11Farm_REFARM,,CofC,NGH,SF,01,0276,CofC_SF01_0276,9,E,4,N,,,DNG,Resown,Y,SF05,
SALK_118515C,CofC_S11Farm_REFARM,,CofC,NGH,SF,01,0005,CofC_SF01_0005,1,B,1,N,,,DNG,Resown,Y,SF05,
SALK_119084C,CofC_S11Farm_REFARM,,CofC,NGH,SF,01,0150,CofC_SF01_0150,5,F,2,N,,,DNG,Resown,Y,SF05,
SALK_119346C,CofC_S11Farm_REFARM,,CofC,NGH,SF,01,0176,CofC_SF01_0176,6,D,4,N,,,DNG,Resown,Y,SF05,
SALK_126593C,CofC_S11Farm_REFARM,,CofC,NGH,SF,01,0215,CofC_SF01_0215,7,F,3,N,,,DNG,Resown,Y,SF05,
SALK_126907C,CofC_S11Farm_REFARM,,CofC,NGH,SF,01,0299,CofC_SF01_0299,10,C,3,N,,,DNG,,Y,SF05,
SALK_129879C,CofC_S11Farm_REFARM,,CofC,NGH,SF,01,0014,CofC_SF01_0014,1,D,2,N,,,DNG,Resown,Y,SF05,
SALK_137213C,CofC_S11Farm_REFARM,,CofC,NGH,SF,01,0138,CofC_SF01_0138,5,C,2,N,,,DNG,Resown,Y,SF05,
SALK_138256C,CofC_S11Farm_REFARM,,CofC,NGH,SF,01,0279,CofC_SF01_0279,9,F,3,N,,,DNG,Resown,Y,SF05,
SALK_140378C,CofC_S11Farm_REFARM,,CofC,NGH,SF,01,0188,CofC_SF01_0188,6,G,4,N,,,DNG,Resown,Y,SF05,
SALK_005007C,CofC_S11Farm_REFARM,,CofC,NGH,SF,01,0154,CofC_SF01_0154,5,G,2,Y,1,,INS_FRUIT,Resown,Y,SF05,
SALK_005658C,CofC_S11Farm_REFARM,,CofC,NGH,SF,01,0018,CofC_SF01_0018,1,E,2,Y,2,,INS_FRUIT,Resown,Y,SF05,
SALK_006783C,CofC_S11Farm_REFARM,,CofC,NGH,SF,01,0072,CofC_SF01_0072,3,B,4,Y,1,,INS_FRUIT,Resown,Y,SF05,
SALK_027644C,CofC_S11Farm_REFARM,,CofC,NGH,SF,01,0164,CofC_SF01_0164,6,A,4,Y,2,,INS_FRUIT,Resown,Y,SF05,
SALK_039936C,CofC_S11Farm_REFARM,,CofC,NGH,SF,01,0084,CofC_SF01_0084,3,E,4,Y,1,,INS_FRUIT,Resown,Y,SF05,
SALK_059205C,CofC_S11Farm_REFARM,,CofC,NGH,SF,01,0039,CofC_SF01_0039,2,B,3,Y,1,,INS_FRUIT,Resown,Y,SF05,
SALK_066755C,CofC_S11Farm_REFARM,,CofC,NGH,SF,01,0174,CofC_SF01_0174,6,D,2,Y,1,,INS_FRUIT,Resown,Y,NA,Could not locate seeds for refarming in SF05
SALK_081531C,CofC_S11Farm_REFARM,,CofC,NGH,SF,01,0310,CofC_SF01_0310,10,F,2,Y,2,,INS_FRUIT,Resown,Y,NA,No seeds left to refarm
SALK_081860C,CofC_S11Farm_REFARM,,CofC,NGH,SF,01,0135,CofC_SF01_0135,5,B,3,Y,1,,INS_FRUIT,Resown,Y,SF05,
SALK_085871C,CofC_S11Farm_REFARM,,CofC,NGH,SF,01,0130,CofC_SF01_0130,5,A,2,Y,1,,INS_FRUIT,Resown,Y,SF05,
SALK_092654C,CofC_S11Farm_REFARM,,CofC,NGH,SF,01,0035,CofC_SF01_0035,2,A,3,Y,1,,INS_FRUIT,Resown,Y,SF05,
SALK_094988C,CofC_S11Farm_REFARM,,CofC,NGH,SF,01,0141,CofC_SF01_0141,5,D,1,Y,1,,INS_FRUIT,Resown,Y,SF05,
SALK_128873C,CofC_S11Farm_REFARM,,CofC,NGH,SF,01,0037,CofC_SF01_0037,2,B,1,Y,1,,INS_FRUIT,Resown,Y,SF05,
SALK_142172C,CofC_S11Farm_REFARM,,CofC,NGH,SF,01,0045,CofC_SF01_0045,2,D,1,Y,1,,INS_FRUIT,,Y,SF05,
SALK_000212C,CofC_S11Farm_REFARM,,CofC,NGH,SF,01,0012,CofC_SF01_0012,1,C,4,Y,31,6/15/2012,,,,,
SALK_001298C,CofC_S11Farm_REFARM,,CofC,NGH,SF,01,0195,CofC_SF01_0195,7,A,3,Y,18,6/11/2012,,,,,
SALK_008905C,CofC_S11Farm_REFARM,,CofC,NGH,SF,01,0226,CofC_SF01_0226,8,A,2,Y,10,6/11/2012,,,,,
SALK_009776C,CofC_S11Farm_REFARM,,CofC,NGH,SF,01,0249,CofC_SF01_0249,8,G,1,Y,9,6/15/2012,,,,,
SALK_015439C,CofC_S11Farm_REFARM,,CofC,NGH,SF,01,0095,CofC_SF01_0095,3,H,3,Y,4,6/22/2012,,,,,
SALK_015497C,CofC_S11Farm_REFARM,,CofC,NGH,SF,01,0308,CofC_SF01_0308,10,E,4,Y,16,6/11/2012,,,,,
SALK_016597C,CofC_S11Farm_REFARM,,CofC,NGH,SF,01,0073,CofC_SF01_0073,3,C,1,Y,16,6/11/2012,,,,,
SALK_018613C,CofC_S11Farm_REFARM,,CofC,NGH,SF,01,0232,CofC_SF01_0232,8,B,4,Y,22,6/11/2012,,,,,
SALK_019772C,CofC_S11Farm_REFARM,,CofC,NGH,SF,01,0085,CofC_SF01_0085,3,F,1,Y,6,6/22/2012,,Resown,,,
SALK_020702C,CofC_S11Farm_REFARM,,CofC,NGH,SF,01,0229,CofC_SF01_0229,8,B,1,Y,11,6/11/2012,,,,,
SALK_023429C,CofC_S11Farm_REFARM,,CofC,NGH,SF,01,0223,CofC_SF01_0223,7,H,3,Y,21,6/11/2012,,,,,
SALK_026876C,CofC_S11Farm_REFARM,,CofC,NGH,SF,01,0143,CofC_SF01_0143,5,D,3,Y,9,6/22/2012,,,,,
SALK_030083C,CofC_S11Farm_REFARM,,CofC,NGH,SF,01,0241,CofC_SF01_0241,8,E,1,Y,18,6/11/2012,,,,,
SALK_030101C,CofC_S11Farm_REFARM,,CofC,NGH,SF,01,0128,CofC_SF01_0128,4,H,4,Y,44,6/11/2012,,,,,
SALK_030702C,CofC_S11Farm_REFARM,,CofC,NGH,SF,01,0212,CofC_SF01_0212,7,E,4,Y,15,6/11/2012,,,,,
SALK_032952C,CofC_S11Farm_REFARM,,CofC,NGH,SF,01,0026,CofC_SF01_0026,1,G,2,Y,6,6/22/2012,,Resown,,,
SALK_033085C,CofC_S11Farm_REFARM,,CofC,NGH,SF,01,0197,CofC_SF01_0197,7,B,1,Y,23,6/11/2012,,,,,
SALK_033233C,CofC_S11Farm_REFARM,,CofC,NGH,SF,01,0282,CofC_SF01_0282,9,G,2,Y,6,6/15/2012,,,,,
SALK_036317C,CofC_S11Farm_REFARM,,CofC,NGH,SF,01,0124,CofC_SF01_0124,4,G,4,Y,36,6/11/2012,,,,,
SALK_037223C,CofC_S11Farm_REFARM,,CofC,NGH,SF,01,0221,CofC_SF01_0221,7,H,1,Y,18,6/11/2012,,,,,
SALK_037642C,CofC_S11Farm_REFARM,,CofC,NGH,SF,01,0244,CofC_SF01_0244,8,E,4,Y,38,6/11/2012,,,,,
SALK_037727C,CofC_S11Farm_REFARM,,CofC,NGH,SF,01,0054,CofC_SF01_0054,2,F,2,Y,10,6/11/2012,,,,,
SALK_039302C,CofC_S11Farm_REFARM,,CofC,NGH,SF,01,0048,CofC_SF01_0048,2,D,4,Y,35,6/11/2012,,Short Fruits,,,
SALK_039654C,CofC_S11Farm_REFARM,,CofC,NGH,SF,01,0301,CofC_SF01_0301,10,D,1,Y,,,DIED,Resown,Y,SF05,
SALK_040211C,CofC_S11Farm_REFARM,,CofC,NGH,SF,01,0062,CofC_SF01_0062,2,H,2,Y,7,7/5/2012,,Resown,,,
SALK_040363C,CofC_S11Farm_REFARM,,CofC,NGH,SF,01,0024,CofC_SF01_0024,1,F,4,Y,6,6/22/2012,,Resown,,,
SALK_040805C,CofC_S11Farm_REFARM,,CofC,NGH,SF,01,0013,CofC_SF01_0013,1,D,1,Y,16,6/22/2012,,,,,
SALK_041685C,CofC_S11Farm_REFARM,,CofC,NGH,SF,01,0238,CofC_SF01_0238,8,D,2,Y,6,6/15/2012,,,,,
SALK_042113C,CofC_S11Farm_REFARM,,CofC,NGH,SF,01,0288,CofC_SF01_0288,9,H,4,Y,8,6/15/2012,,,,,
SALK_042362C,CofC_S11Farm_REFARM,,CofC,NGH,SF,01,0023,CofC_SF01_0023,1,F,3,Y,24,6/11/2012,,,,,
SALK_044330C,CofC_S11Farm_REFARM,,CofC,NGH,SF,01,0318,CofC_SF01_0318,10,H,2,Y,26,6/11/2012,,,,,
SALK_045755C,CofC_S11Farm_REFARM,,CofC,NGH,SF,01,0152,CofC_SF01_0152,5,F,4,Y,14,6/15/2012,,,,,
SALK_046291C,CofC_S11Farm_REFARM,,CofC,NGH,SF,01,0245,CofC_SF01_0245,8,F,1,Y,11,6/18/2012,,,,,
SALK_046567C,CofC_S11Farm_REFARM,,CofC,NGH,SF,01,0255,CofC_SF01_0255,8,H,3,Y,19,6/11/2012,,,,,
SALK_046781C,CofC_S11Farm_REFARM,,CofC,NGH,SF,01,0306,CofC_SF01_0306,10,E,2,Y,9,6/15/2012,,,,,
SALK_047254C,CofC_S11Farm_REFARM,,CofC,NGH,SF,01,0092,CofC_SF01_0092,3,G,4,Y,3,6/22/2012,,Resown,,,
SALK_047449C,CofC_S11Farm_REFARM,,CofC,NGH,SF,01,0103,CofC_SF01_0103,4,B,3,Y,22,6/22/2012,,Resown,,,
SALK_047933C,CofC_S11Farm_REFARM,,CofC,NGH,SF,01,0311,CofC_SF01_0311,10,F,3,Y,7,6/15/2012,,,,,
SALK_048182C,CofC_S11Farm_REFARM,,CofC,NGH,SF,01,0032,CofC_SF01_0032,1,H,4,Y,6,6/22/2012,,,,,
SALK_053489C,CofC_S11Farm_REFARM,,CofC,NGH,SF,01,0021,CofC_SF01_0021,1,F,1,Y,18,6/11/2012,,,,,
SALK_054446C,CofC_S11Farm_REFARM,,CofC,NGH,SF,01,0088,CofC_SF01_0088,3,F,4,Y,16,6/11/2012,,,,,
SALK_057621C,CofC_S11Farm_REFARM,,CofC,NGH,SF,01,0187,CofC_SF01_0187,6,G,3,Y,4,7/5/2012,,Resown,,,
SALK_057742C,CofC_S11Farm_REFARM,,CofC,NGH,SF,01,0034,CofC_SF01_0034,2,A,2,Y,5,6/22/2012,,,,,
SALK_058173C,CofC_S11Farm_REFARM,,CofC,NGH,SF,01,0284,CofC_SF01_0284,9,G,4,Y,13,6/11/2012,,,,,
SALK_059737C,CofC_S11Farm_REFARM,,CofC,NGH,SF,01,0220,CofC_SF01_0220,7,G,4,Y,13,6/15/2012,,,,,
SALK_063196C,CofC_S11Farm_REFARM,,CofC,NGH,SF,01,0131,CofC_SF01_0131,5,A,3,Y,17,6/15/2012,,,,,
SALK_064199C,CofC_S11Farm_REFARM,,CofC,NGH,SF,01,0063,CofC_SF01_0063,2,H,3,Y,26,6/11/2012,,,,,
SALK_065004C,CofC_S11Farm_REFARM,,CofC,NGH,SF,01,0165,CofC_SF01_0165,6,B,1,Y,11,6/15/2012,,,,,
SALK_065417C,CofC_S11Farm_REFARM,,CofC,NGH,SF,01,0134,CofC_SF01_0134,5,B,2,Y,2,6/29/2012,,Resown,,,
SALK_067608C,CofC_S11Farm_REFARM,,CofC,NGH,SF,01,0153,CofC_SF01_0153,5,G,1,Y,7,6/15/2012,,,,,
SALK_070162C,CofC_S11Farm_REFARM,,CofC,NGH,SF,01,0243,CofC_SF01_0243,8,E,3,Y,11,6/11/2012,,,,,
SALK_072590C,CofC_S11Farm_REFARM,,CofC,NGH,SF,01,0019,CofC_SF01_0019,1,E,3,Y,23,6/11/2012,,,,,
SALK_072624C,CofC_S11Farm_REFARM,,CofC,NGH,SF,01,0008,CofC_SF01_0008,1,B,4,Y,8,6/22/2012,,Resown,,,
SALK_076254C,CofC_S11Farm_REFARM,,CofC,NGH,SF,01,0126,CofC_SF01_0126,4,H,2,Y,23,6/11/2012,,,,,
SALK_080024C,CofC_S11Farm_REFARM,,CofC,NGH,SF,01,0292,CofC_SF01_0292,10,A,4,Y,15,6/11/2012,,,,,
SALK_081643C,CofC_S11Farm_REFARM,,CofC,NGH,SF,01,0076,CofC_SF01_0076,3,C,4,Y,8,6/15/2012,,,,,
SALK_082408C,CofC_S11Farm_REFARM,,CofC,NGH,SF,01,0222,CofC_SF01_0222,7,H,2,Y,5,6/22/2012,,Resown,,,
SALK_085456C,CofC_S11Farm_REFARM,,CofC,NGH,SF,01,0256,CofC_SF01_0256,8,H,4,Y,8,6/15/2012,,,,,
SALK_086642C,CofC_S11Farm_REFARM,,CofC,NGH,SF,01,0025,CofC_SF01_0025,1,G,1,Y,18,6/11/2012,,,,,
SALK_088114C,CofC_S11Farm_REFARM,,CofC,NGH,SF,01,0275,CofC_SF01_0275,9,E,3,Y,2,6/22/2012,,Resown,,,
SALK_091066C,CofC_S11Farm_REFARM,,CofC,NGH,SF,01,0090,CofC_SF01_0090,3,G,2,Y,14,6/11/2012,,,,,
SALK_094844C,CofC_S11Farm_REFARM,,CofC,NGH,SF,01,0291,CofC_SF01_0291,10,A,3,Y,15,6/11/2012,,,,,
SALK_098531C,CofC_S11Farm_REFARM,,CofC,NGH,SF,01,0114,CofC_SF01_0114,4,E,2,Y,6,7/5/2012,,Resown; mislabeled 098513C,,,
SALK_098702C,CofC_S11Farm_REFARM,,CofC,NGH,SF,01,0055,CofC_SF01_0055,2,F,3,Y,23,6/11/2012,,,,,
SALK_098706C,CofC_S11Farm_REFARM,,CofC,NGH,SF,01,0286,CofC_SF01_0286,9,H,2,Y,18,6/11/2012,,,,,
SALK_099356C,CofC_S11Farm_REFARM,,CofC,NGH,SF,01,0173,CofC_SF01_0173,6,D,1,Y,5,6/22/2012,,Resown,,,
SALK_106258C,CofC_S11Farm_REFARM,,CofC,NGH,SF,01,0235,CofC_SF01_0235,8,C,3,Y,11,6/11/2012,,,,,
SALK_107750C,CofC_S11Farm_REFARM,,CofC,NGH,SF,01,0121,CofC_SF01_0121,4,G,1,Y,22,6/11/2012,,,,,
SALK_114667C,CofC_S11Farm_REFARM,,CofC,NGH,SF,01,0044,CofC_SF01_0044,2,C,4,Y,57,6/11/2012,,,,,
SALK_115812C,CofC_S11Farm_REFARM,,CofC,NGH,SF,01,0010,CofC_SF01_0010,1,C,2,Y,3,6/29/2012,,Resown,,,
SALK_118842C,CofC_S11Farm_REFARM,,CofC,NGH,SF,01,0252,CofC_SF01_0252,8,G,4,Y,10,6/11/2012,,,,,
SALK_125473C,CofC_S11Farm_REFARM,,CofC,NGH,SF,01,0192,CofC_SF01_0192,6,H,4,Y,9,6/15/2012,,,,,
SALK_126600C,CofC_S11Farm_REFARM,,CofC,NGH,SF,01,0191,CofC_SF01_0191,6,H,3,Y,8,6/15/2012,,,,,
SALK_127456C,CofC_S11Farm_REFARM,,CofC,NGH,SF,01,0009,CofC_SF01_0009,1,C,1,Y,14,6/22/2012,,Resown,,,
SALK_130522C,CofC_S11Farm_REFARM,,CofC,NGH,SF,01,0175,CofC_SF01_0175,6,D,3,Y,9,7/5/2012,,Resown,,,
SALK_132930C,CofC_S11Farm_REFARM,,CofC,NGH,SF,01,0101,CofC_SF01_0101,4,B,1,Y,46,6/11/2012,,,,,
SALK_133360C,CofC_S11Farm_REFARM,,CofC,NGH,SF,01,0303,CofC_SF01_0303,10,D,3,Y,22,6/11/2012,,,,,
SALK_134217C,CofC_S11Farm_REFARM,,CofC,NGH,SF,01,0272,CofC_SF01_0272,9,D,4,Y,17,6/11/2012,,,,,
SALK_137272C,CofC_S11Farm_REFARM,,CofC,NGH,SF,01,0099,CofC_SF01_0099,4,A,3,Y,9,6/22/2012,,Resown,,,
SALK_139093C,CofC_S11Farm_REFARM,,CofC,NGH,SF,01,0250,CofC_SF01_0250,8,G,2,Y,19,6/11/2012,,,,,
SALK_140204C,CofC_S11Farm_REFARM,,CofC,NGH,SF,01,0068,CofC_SF01_0068,3,A,4,Y,12,6/15/2012,,,,,
SALK_140231C,CofC_S11Farm_REFARM,,CofC,NGH,SF,01,0319,CofC_SF01_0319,10,H,3,Y,24,6/11/2012,,Short fruits,,,
SALK_142235C,CofC_S11Farm_REFARM,,CofC,NGH,SF,01,0163,CofC_SF01_0163,6,A,3,Y,14,6/11/2012,,,,,
SALK_002265C,RAND_BIN_LINE,,CofC,NGH,SF,01,0125,CofC_SF01_0125,4,H,1,Y,,,DIED,Resown,Y,SF05,
SALK_012862C,RAND_BIN_LINE,,CofC,NGH,SF,01,0231,CofC_SF01_0231,8,B,3,Y,,,DIED,Resown,Y,SF05,
SALK_016421C,RAND_BIN_LINE,,CofC,NGH,SF,01,0217,CofC_SF01_0217,7,G,1,Y,,,DIED,Resown,Y,SF05,
SALK_060259C,RAND_BIN_LINE,,CofC,NGH,SF,01,0071,CofC_SF01_0071,3,B,3,Y,,,DIED,Resown,Y,SF05,
SALK_014648C,RAND_BIN_LINE,,CofC,NGH,SF,01,0262,CofC_SF01_0262,9,B,2,Y,,,DIED,Resown,Y,SF05,
SALK_002270C,RAND_BIN_LINE,,CofC,NGH,SF,01,0239,CofC_SF01_0239,8,D,3,N,,,DNG,Resown,Y,SF05,
SALK_002312C,RAND_BIN_LINE,,CofC,NGH,SF,01,0236,CofC_SF01_0236,8,C,4,N,,,DNG,Resown,Y,SF05,
SALK_006966C,RAND_BIN_LINE,,CofC,NGH,SF,01,0278,CofC_SF01_0278,9,F,2,N,,,DNG,Resown,Y,SF05,
SALK_007054C,RAND_BIN_LINE,,CofC,NGH,SF,01,0201,CofC_SF01_0201,7,C,1,N,,,DNG,Resown,Y,SF05,
SALK_007062C,RAND_BIN_LINE,,CofC,NGH,SF,01,0182,CofC_SF01_0182,6,F,2,N,,,DNG,Resown,Y,SF05,
SALK_007134C,RAND_BIN_LINE,,CofC,NGH,SF,01,0280,CofC_SF01_0280,9,F,4,N,,,DNG,Resown,Y,SF05,
SALK_009220C,RAND_BIN_LINE,,CofC,NGH,SF,01,0180,CofC_SF01_0180,6,E,4,N,,,DNG,Resown,Y,SF05,
SALK_014602C,RAND_BIN_LINE,,CofC,NGH,SF,01,0290,CofC_SF01_0290,10,A,2,N,,,DNG,Resown,Y,SF05,
SALK_014639C,RAND_BIN_LINE,,CofC,NGH,SF,01,0011,CofC_SF01_0011,1,C,3,N,,,DNG,Resown,Y,SF05,
SALK_016504C,RAND_BIN_LINE,,CofC,NGH,SF,01,0198,CofC_SF01_0198,7,B,2,N,,,DNG,Resown,Y,SF05,
SALK_016571C,RAND_BIN_LINE,,CofC,NGH,SF,01,0031,CofC_SF01_0031,1,H,3,N,,,DNG,Resown,Y,SF05,
SALK_021521C,RAND_BIN_LINE,,CofC,NGH,SF,01,0047,CofC_SF01_0047,2,D,3,N,,,DNG,,Y,SF05,
SALK_062452C,RAND_BIN_LINE,,CofC,NGH,SF,01,0296,CofC_SF01_0296,10,B,4,N,,,DNG,Resown,Y,SF05,
SALK_062521C,RAND_BIN_LINE,,CofC,NGH,SF,01,0027,CofC_SF01_0027,1,G,3,N,,,DNG,Resown,Y,SF05,
SALK_064394C,RAND_BIN_LINE,,CofC,NGH,SF,01,0205,CofC_SF01_0205,7,D,1,N,,,DNG,Resown,Y,SF05,
SALK_064448C,RAND_BIN_LINE,,CofC,NGH,SF,01,0185,CofC_SF01_0185,6,G,1,N,,,DNG,Resown,Y,SF05,
SALK_004698C,RAND_BIN_LINE,,CofC,NGH,SF,01,0038,CofC_SF01_0038,2,B,2,Y,1,,INS_FRUIT,Resown,Y,SF05,
SALK_004769C,RAND_BIN_LINE,,CofC,NGH,SF,01,0162,CofC_SF01_0162,6,A,2,Y,1,,INS_FRUIT,,Y,SF05,
SALK_007135C,RAND_BIN_LINE,,CofC,NGH,SF,01,0059,CofC_SF01_0059,2,G,3,Y,2,,INS_FRUIT,,Y,SF05,
SALK_014641C,RAND_BIN_LINE,,CofC,NGH,SF,01,0237,CofC_SF01_0237,8,D,1,Y,1,,INS_FRUIT,Resown,Y,SF05,
SALK_016436C,RAND_BIN_LINE,,CofC,NGH,SF,01,0112,CofC_SF01_0112,4,D,4,Y,1,,INS_FRUIT,Resown,Y,SF05,
SALK_016485C,RAND_BIN_LINE,,CofC,NGH,SF,01,0006,CofC_SF01_0006,1,B,2,Y,3,,INS_FRUIT,Resown,Y,SF05,
SALK_060224C,RAND_BIN_LINE,,CofC,NGH,SF,01,0261,CofC_SF01_0261,9,B,1,Y,1,,INS_FRUIT,Resown,Y,SF05,
SALK_060240C,RAND_BIN_LINE,,CofC,NGH,SF,01,0161,CofC_SF01_0161,6,A,1,Y,2,,INS_FRUIT,Resown,Y,SF05,
SALK_002295C,RAND_BIN_LINE,,CofC,NGH,SF,01,0116,CofC_SF01_0116,4,E,4,Y,24,6/11/2012,,,,,
SALK_002349C,RAND_BIN_LINE,,CofC,NGH,SF,01,0136,CofC_SF01_0136,5,B,4,Y,5,6/22/2012,,Resown,,,
SALK_004746C,RAND_BIN_LINE,,CofC,NGH,SF,01,0075,CofC_SF01_0075,3,C,3,Y,5,6/22/2012,,Resown,,,
SALK_006938C,RAND_BIN_LINE,,CofC,NGH,SF,01,0281,CofC_SF01_0281,9,G,1,Y,2,6/22/2012,,Resown,,,
SALK_007148C,RAND_BIN_LINE,,CofC,NGH,SF,01,0142,CofC_SF01_0142,5,D,2,Y,5,6/22/2012,,Resown,,,
SALK_009186C,RAND_BIN_LINE,,CofC,NGH,SF,01,0029,CofC_SF01_0029,1,H,1,Y,5,6/22/2012,,,,,
SALK_012792C,RAND_BIN_LINE,,CofC,NGH,SF,01,0155,CofC_SF01_0155,5,G,3,Y,26,6/11/2012,,,,,
SALK_012839C,RAND_BIN_LINE,,CofC,NGH,SF,01,0127,CofC_SF01_0127,4,H,3,Y,23,6/11/2012,,,,,
SALK_012846C,RAND_BIN_LINE,,CofC,NGH,SF,01,0254,CofC_SF01_0254,8,H,2,Y,22,6/11/2012,,,,,
SALK_012847C,RAND_BIN_LINE,,CofC,NGH,SF,01,0218,CofC_SF01_0218,7,G,2,Y,24,6/11/2012,,,,,
SALK_012941C,RAND_BIN_LINE,,CofC,NGH,SF,01,0160,CofC_SF01_0160,5,H,4,Y,11,6/11/2012,,,,,
SALK_012955C,RAND_BIN_LINE,,CofC,NGH,SF,01,0247,CofC_SF01_0247,8,F,3,Y,18,6/11/2012,,,,,
SALK_014524C,RAND_BIN_LINE,,CofC,NGH,SF,01,0194,CofC_SF01_0194,7,A,2,Y,11,6/15/2012,,,,,
SALK_014557C,RAND_BIN_LINE,,CofC,NGH,SF,01,0053,CofC_SF01_0053,2,F,1,Y,27,6/11/2012,,,,,
SALK_014633C,RAND_BIN_LINE,,CofC,NGH,SF,01,0320,CofC_SF01_0320,10,H,4,Y,14,6/11/2012,,,,,
SALK_016312C,RAND_BIN_LINE,,CofC,NGH,SF,01,0087,CofC_SF01_0087,3,F,3,Y,2,6/29/2012,,Resown,,,
SALK_016332C,RAND_BIN_LINE,,CofC,NGH,SF,01,0001,CofC_SF01_0001,1,A,1,Y,26,6/15/2012,,,,,
SALK_016333C,RAND_BIN_LINE,,CofC,NGH,SF,01,0230,CofC_SF01_0230,8,B,2,Y,14,6/11/2012,,,,,
SALK_016356C,RAND_BIN_LINE,,CofC,NGH,SF,01,0146,CofC_SF01_0146,5,E,2,Y,5,6/29/2012,,Resown,,,
SALK_016447C,RAND_BIN_LINE,,CofC,NGH,SF,01,0228,CofC_SF01_0228,8,A,4,Y,33,7/5/2012,,small fruits,,,
SALK_016455C,RAND_BIN_LINE,,CofC,NGH,SF,01,0248,CofC_SF01_0248,8,F,4,Y,11,6/11/2012,,,,,
SALK_016557C,RAND_BIN_LINE,,CofC,NGH,SF,01,0118,CofC_SF01_0118,4,F,2,Y,9,6/15/2012,,,,,
SALK_016570C,RAND_BIN_LINE,,CofC,NGH,SF,01,0295,CofC_SF01_0295,10,B,3,Y,11,6/11/2012,,,,,
SALK_020158C,RAND_BIN_LINE,,CofC,NGH,SF,01,0107,CofC_SF01_0107,4,C,3,Y,72,6/11/2012,,,,,
SALK_020181C,RAND_BIN_LINE,,CofC,NGH,SF,01,0030,CofC_SF01_0030,1,H,2,Y,18,6/15/2012,,,,,
SALK_021474C,RAND_BIN_LINE,,CofC,NGH,SF,01,0080,CofC_SF01_0080,3,D,4,Y,7,6/15/2012,,,,,
SALK_021479C,RAND_BIN_LINE,,CofC,NGH,SF,01,0064,CofC_SF01_0064,2,H,4,Y,25,6/11/2012,,,,,
SALK_021491C,RAND_BIN_LINE,,CofC,NGH,SF,01,0233,CofC_SF01_0233,8,C,1,Y,14,6/15/2012,,,,,
SALK_021500C,RAND_BIN_LINE,,CofC,NGH,SF,01,0257,CofC_SF01_0257,9,A,1,Y,8,6/15/2012,,,,,
SALK_021530C,RAND_BIN_LINE,,CofC,NGH,SF,01,0096,CofC_SF01_0096,3,H,4,Y,19,6/11/2012,,,,,
SALK_021560C,RAND_BIN_LINE,,CofC,NGH,SF,01,0166,CofC_SF01_0166,6,B,2,Y,7,6/15/2012,,,,,
SALK_060242C,RAND_BIN_LINE,,CofC,NGH,SF,01,0129,CofC_SF01_0129,5,A,1,Y,3,6/22/2012,,Resown,,,
SALK_060252C,RAND_BIN_LINE,,CofC,NGH,SF,01,0151,CofC_SF01_0151,5,F,3,Y,9,6/15/2012,,,,,
SALK_062469C,RAND_BIN_LINE,,CofC,NGH,SF,01,0003,CofC_SF01_0003,1,A,3,Y,9,7/5/2012,,Resown,,,
SALK_062570C,RAND_BIN_LINE,,CofC,NGH,SF,01,0041,CofC_SF01_0041,2,C,1,Y,8,6/22/2012,,Resown,,,
SALK_062717C,RAND_BIN_LINE,,CofC,NGH,SF,01,0093,CofC_SF01_0093,3,H,1,Y,12,6/11/2012,,,,,
SALK_062752C,RAND_BIN_LINE,,CofC,NGH,SF,01,0270,CofC_SF01_0270,9,D,2,Y,4,6/22/2012,,,,,
SALK_064401C,RAND_BIN_LINE,,CofC,NGH,SF,01,0061,CofC_SF01_0061,2,H,1,Y,11,6/11/2012,,,,,
SALK_064423C,RAND_BIN_LINE,,CofC,NGH,SF,01,0097,CofC_SF01_0097,4,A,1,Y,17,6/15/2012,,Resown,,,
SALK_064486C,RAND_BIN_LINE,,CofC,NGH,SF,01,0132,CofC_SF01_0132,5,A,4,Y,4,6/29/2012,,Resown,,,
COL70000,SEED_PHYTOMETER,,CofC,NGH,SF,01,0102,CofC_SF01_0102,4,B,2,Y,,,DIED,Resown,,,
CS22599,SEED_PHYTOMETER,,CofC,NGH,SF,01,0123,CofC_SF01_0123,4,G,3,Y,,,DIED,Resown,,,
CS22600,SEED_PHYTOMETER,,CofC,NGH,SF,01,0265,CofC_SF01_0265,9,C,1,Y,,,DIED,Resown,,,
CS22601,SEED_PHYTOMETER,,CofC,NGH,SF,01,0258,CofC_SF01_0258,9,A,2,Y,,,DIED,Resown,,,
CS22617,SEED_PHYTOMETER,,CofC,NGH,SF,01,0082,CofC_SF01_0082,3,E,2,Y,,,DIED,Resown,,,
CS22619,SEED_PHYTOMETER,,CofC,NGH,SF,01,0004,CofC_SF01_0004,1,A,4,Y,,,DIED,,,,
CS22620,SEED_PHYTOMETER,,CofC,NGH,SF,01,0148,CofC_SF01_0148,5,E,4,Y,,,DIED,Resown,,,
CS22620,SEED_PHYTOMETER,,CofC,NGH,SF,01,0203,CofC_SF01_0203,7,C,3,Y,,,DIED,Resown,,,
CS22649,SEED_PHYTOMETER,,CofC,NGH,SF,01,0113,CofC_SF01_0113,4,E,1,Y,,,DIED,Resown,,,
CS22650,SEED_PHYTOMETER,,CofC,NGH,SF,01,0007,CofC_SF01_0007,1,B,3,Y,,,DIED,,,,
COL70000,SEED_PHYTOMETER,,CofC,NGH,SF,01,0022,CofC_SF01_0022,1,F,2,N,,,DNG,,,,
CS22599,SEED_PHYTOMETER,,CofC,NGH,SF,01,0079,CofC_SF01_0079,3,D,3,N,,,DNG,Resown,,,
CS22601,SEED_PHYTOMETER,,CofC,NGH,SF,01,0043,CofC_SF01_0043,2,C,3,N,,,DNG,Resown,,,
CS22601,SEED_PHYTOMETER,,CofC,NGH,SF,01,0209,CofC_SF01_0209,7,E,1,N,,,DNG,Resown,,,
CS22606,SEED_PHYTOMETER,,CofC,NGH,SF,01,0313,CofC_SF01_0313,10,G,1,N,,,DNG,Resown,,,
CS22614,SEED_PHYTOMETER,,CofC,NGH,SF,01,0168,CofC_SF01_0168,6,B,4,N,,,DNG,Resown,,,
CS22614,SEED_PHYTOMETER,,CofC,NGH,SF,01,0300,CofC_SF01_0300,10,C,4,N,,,DNG,,,,
CS22615,SEED_PHYTOMETER,,CofC,NGH,SF,01,0065,CofC_SF01_0065,3,A,1,N,,,DNG,Resown,,,
CS22615,SEED_PHYTOMETER,,CofC,NGH,SF,01,0190,CofC_SF01_0190,6,H,2,N,,,DNG,Resown,,,
CS22615,SEED_PHYTOMETER,,CofC,NGH,SF,01,0224,CofC_SF01_0224,7,H,4,N,,,DNG,Resown,,,
CS22627,SEED_PHYTOMETER,,CofC,NGH,SF,01,0214,CofC_SF01_0214,7,F,2,N,,,DNG,Resown,,,
CS22627,SEED_PHYTOMETER,,CofC,NGH,SF,01,0263,CofC_SF01_0263,9,B,3,N,,,DNG,Resown,,,
CS22633,SEED_PHYTOMETER,,CofC,NGH,SF,01,0078,CofC_SF01_0078,3,D,2,N,,,DNG,Resown,,,
CS22633,SEED_PHYTOMETER,,CofC,NGH,SF,01,0094,CofC_SF01_0094,3,H,2,N,,,DNG,Resown,,,
CS22658,SEED_PHYTOMETER,,CofC,NGH,SF,01,0145,CofC_SF01_0145,5,E,1,N,,,DNG,Resown,,,
CS22599,SEED_PHYTOMETER,,CofC,NGH,SF,01,0260,CofC_SF01_0260,9,A,4,Y,0,,INS_FRUIT,,,,
CS22634,SEED_PHYTOMETER,,CofC,NGH,SF,01,0089,CofC_SF01_0089,3,G,1,Y,0,,INS_FRUIT,Resown; did not bolt,,,
CS22650,SEED_PHYTOMETER,,CofC,NGH,SF,01,0091,CofC_SF01_0091,3,G,3,Y,0,,INS_FRUIT,Resown; did not bolt,,,
CS22652,SEED_PHYTOMETER,,CofC,NGH,SF,01,0149,CofC_SF01_0149,5,F,1,Y,18,,,,,,
COL70000,SEED_PHYTOMETER,,CofC,NGH,SF,01,0159,CofC_SF01_0159,5,H,3,Y,>10,,,,,,
CS22596,SEED_PHYTOMETER,,CofC,NGH,SF,01,0060,CofC_SF01_0060,2,G,4,Y,3,,,Resown,,,
CS22596,SEED_PHYTOMETER,,CofC,NGH,SF,01,0074,CofC_SF01_0074,3,C,2,Y,1,,,Resown,,,
CS22596,SEED_PHYTOMETER,,CofC,NGH,SF,01,0115,CofC_SF01_0115,4,E,3,Y,1,,,Resown,,,
CS22600,SEED_PHYTOMETER,,CofC,NGH,SF,01,0117,CofC_SF01_0117,4,F,1,Y,28,,,,,,
CS22600,SEED_PHYTOMETER,,CofC,NGH,SF,01,0267,CofC_SF01_0267,9,C,3,Y,10,,,Resown,,,
CS22606,SEED_PHYTOMETER,,CofC,NGH,SF,01,0057,CofC_SF01_0057,2,G,1,Y,1,,,Resown,,,
CS22606,SEED_PHYTOMETER,,CofC,NGH,SF,01,0070,CofC_SF01_0070,3,B,2,Y,2,,,,,,
CS22614,SEED_PHYTOMETER,,CofC,NGH,SF,01,0240,CofC_SF01_0240,8,D,4,Y,>2,,,,,,
CS22617,SEED_PHYTOMETER,,CofC,NGH,SF,01,0178,CofC_SF01_0178,6,E,2,Y,>12,,,,,,
CS22617,SEED_PHYTOMETER,,CofC,NGH,SF,01,0179,CofC_SF01_0179,6,E,3,Y,>19,,,,,,
CS22618,SEED_PHYTOMETER,,CofC,NGH,SF,01,0067,CofC_SF01_0067,3,A,3,Y,>4,,,,,,
CS22618,SEED_PHYTOMETER,,CofC,NGH,SF,01,0110,CofC_SF01_0110,4,D,2,Y,>12,,,,,,
CS22618,SEED_PHYTOMETER,,CofC,NGH,SF,01,0297,CofC_SF01_0297,10,C,1,Y,>17,,,Resown,,,
CS22619,SEED_PHYTOMETER,,CofC,NGH,SF,01,0017,CofC_SF01_0017,1,E,1,Y,5,,,Resown,,,
CS22619,SEED_PHYTOMETER,,CofC,NGH,SF,01,0216,CofC_SF01_0216,7,F,4,Y,2,,,Resown,,,
CS22620,SEED_PHYTOMETER,,CofC,NGH,SF,01,0196,CofC_SF01_0196,7,A,4,Y,17,,,,,,
CS22627,SEED_PHYTOMETER,,CofC,NGH,SF,01,0147,CofC_SF01_0147,5,E,3,Y,2,,,,,,
CS22631,SEED_PHYTOMETER,,CofC,NGH,SF,01,0207,CofC_SF01_0207,7,D,3,Y,17,,,Resown,,,
CS22631,SEED_PHYTOMETER,,CofC,NGH,SF,01,0242,CofC_SF01_0242,8,E,2,Y,20,,,,,,
CS22631,SEED_PHYTOMETER,,CofC,NGH,SF,01,0251,CofC_SF01_0251,8,G,3,Y,20,,,,,,
CS22633,SEED_PHYTOMETER,,CofC,NGH,SF,01,0139,CofC_SF01_0139,5,C,3,Y,17,,,,,,
CS22634,SEED_PHYTOMETER,,CofC,NGH,SF,01,0183,CofC_SF01_0183,6,F,3,Y,>8,,,,,,
CS22634,SEED_PHYTOMETER,,CofC,NGH,SF,01,0253,CofC_SF01_0253,8,H,1,Y,4,,,,,,
CS22635,SEED_PHYTOMETER,,CofC,NGH,SF,01,0219,CofC_SF01_0219,7,G,3,Y,>18,,,,,,
CS22635,SEED_PHYTOMETER,,CofC,NGH,SF,01,0302,CofC_SF01_0302,10,D,2,Y,>11,,,,,,
CS22635,SEED_PHYTOMETER,,CofC,NGH,SF,01,0305,CofC_SF01_0305,10,E,1,Y,>14,,,,,,
CS22636,SEED_PHYTOMETER,,CofC,NGH,SF,01,0122,CofC_SF01_0122,4,G,2,Y,>11,,,,,,
CS22636,SEED_PHYTOMETER,,CofC,NGH,SF,01,0133,CofC_SF01_0133,5,B,1,Y,14,,,,,,
CS22636,SEED_PHYTOMETER,,CofC,NGH,SF,01,0177,CofC_SF01_0177,6,E,1,Y,5,,,,,,
CS22647,SEED_PHYTOMETER,,CofC,NGH,SF,01,0028,CofC_SF01_0028,1,G,4,Y,26,,,,,,
CS22647,SEED_PHYTOMETER,,CofC,NGH,SF,01,0050,CofC_SF01_0050,2,E,2,Y,>11,,,,,,
CS22647,SEED_PHYTOMETER,,CofC,NGH,SF,01,0309,CofC_SF01_0309,10,F,1,Y,>15,,,,,,
CS22649,SEED_PHYTOMETER,,CofC,NGH,SF,01,0157,CofC_SF01_0157,5,H,1,Y,>12,,,,,,
CS22649,SEED_PHYTOMETER,,CofC,NGH,SF,01,0246,CofC_SF01_0246,8,F,2,Y,3,,,,,,
CS22650,SEED_PHYTOMETER,,CofC,NGH,SF,01,0312,CofC_SF01_0312,10,F,4,Y,9,,,,,,
CS22652,SEED_PHYTOMETER,,CofC,NGH,SF,01,0283,CofC_SF01_0283,9,G,3,Y,>3,,,,,,
CS22652,SEED_PHYTOMETER,,CofC,NGH,SF,01,0315,CofC_SF01_0315,10,G,3,Y,>9,,,,,,
CS22653,SEED_PHYTOMETER,,CofC,NGH,SF,01,0056,CofC_SF01_0056,2,F,4,Y,>11,,,,,,
CS22653,SEED_PHYTOMETER,,CofC,NGH,SF,01,0169,CofC_SF01_0169,6,C,1,Y,5,,,Resown,,,
CS22653,SEED_PHYTOMETER,,CofC,NGH,SF,01,0189,CofC_SF01_0189,6,H,1,Y,>13,,,,,,
CS22658,SEED_PHYTOMETER,,CofC,NGH,SF,01,0052,CofC_SF01_0052,2,E,4,Y,2,,,Resown,,,
CS22658,SEED_PHYTOMETER,,CofC,NGH,SF,01,0298,CofC_SF01_0298,10,C,2,Y,>14,,,,,,
CS22659,SEED_PHYTOMETER,,CofC,NGH,SF,01,0020,CofC_SF01_0020,1,E,4,Y,>11,,,,,,
CS22659,SEED_PHYTOMETER,,CofC,NGH,SF,01,0202,CofC_SF01_0202,7,C,2,Y,>30,,,,,,
CS22659,SEED_PHYTOMETER,,CofC,NGH,SF,01,0289,CofC_SF01_0289,10,A,1,Y,>5,,,,,,