accession,plant_num,plant_id,parent_id,seed_stock_location,seed_quantity,isolation_id,comments
SALK_000212C,1,CofC_S11Farm_0001,,,,I11-V02-3,
SALK_000212C,2,CofC_S11Farm_0002,,S11Farm_Box12_72,70,,
SALK_000706C,,CofC_S11Farm_0003,,,,,FARM_FAIL
SALK_000822C,1,CofC_S11Farm_0004,,Hanna_Box01_46,>100,I12-V02-25,
SALK_001014C,1,CofC_S11Farm_0005,,S11Farm_Box04_28,100,I12-L01-1,
SALK_001014C,2,CofC_S11Farm_0006,,S11Farm_Box04_30,>100,,
SALK_001058C,1,CofC_S11Farm_0007,,S11Farm_Box03_24,100,I12-G03-29,
SALK_001169C,1,CofC_S11Farm_0008,,,,,no seed or DNA
SALK_001169C,2,CofC_S11Farm_0009,,S11Farm_Box03_29,100,,"two tissue samples, both labeled #2"
SALK_001169C,2H,CofC_S11Farm_0010,,,,,"two tissue samples, both labeled #3"
SALK_001298C,1,CofC_S11Farm_0011,,S11Farm_Box06_18,100,,no DNA
SALK_001298C,2,CofC_S11Farm_0012,,,,,no seed or DNA
SALK_001360C,1,CofC_S11Farm_0013,,S11Farm_Box09_14,>100,I11-G02-5,
SALK_001360C,2,CofC_S11Farm_0014,,S11Farm_Box09_15,100,,no DNA
SALK_001360C,2H,CofC_S11Farm_0015,,,,,
SALK_001420C,1,CofC_S11Farm_0016,,S11Farm_Box09_11,50,I12-G05-5,
SALK_001420C,2,CofC_S11Farm_0017,,S11Farm_Box09_17,90,,
SALK_001420C,1H,CofC_S11Farm_0018,,,,,
SALK_001496C,1,CofC_S11Farm_0019,,S11Farm_Box07_49,20,I12-K13-11,
SALK_001496C,2A,CofC_S11Farm_0020,,S11Farm_Box10_16,80,,
SALK_001496C,2B,CofC_S11Farm_0021,,S11Farm_Box07_64,6,,
SALK_001597C,,CofC_S11Farm_0022,,,,,DNG
SALK_002098C,1A,CofC_S11Farm_0023,,S11Farm_Box05_19,190,,tissue in CONFL. Box
SALK_002098C,1B,CofC_S11Farm_0024,,S11Farm_Box13_18,10,,have dry tissue
SALK_002135C,1,CofC_S11Farm_0025,,S11Farm_Box08_9,15,,
SALK_002135C,2,CofC_S11Farm_0026,,S11Farm_Box08_8,>100,I11-G02-23,
SALK_002674C,1,CofC_S11Farm_0027,,S11Farm_Box13_17,80,I11-W03-1,
SALK_003109C,1,CofC_S11Farm_0028,,S11Farm_Box11_18,>100,I11-G04-7,
SALK_003109C,2,CofC_S11Farm_0029,,,,,
SALK_003223C,,CofC_S11Farm_0030,,,,,FARM_FAIL
SALK_003255C,2,CofC_S11Farm_0031,,S11Farm_Box10_8,30,,
SALK_003255C,1A,CofC_S11Farm_0032,,S11Farm_Box10_6,150,,
SALK_003255C,1B,CofC_S11Farm_0033,,S11Farm_Box10_21,110,I11-G02-19,
SALK_003891C,2,CofC_S11Farm_0034,,S11Farm_Box02_7,100,,
SALK_003891C,1A,CofC_S11Farm_0035,,S11Farm_Box02_9,30,I11-G02-18,
SALK_003942C,1,CofC_S11Farm_0036,,,,,
SALK_003942C,2,CofC_S11Farm_0037,,S11Farm_Box04_2,>100,I12-W05-13,
SALK_003942C,1H,CofC_S11Farm_0038,,Hanna_Box01_29,50,,
SALK_003943C,,CofC_S11Farm_0039,,,,,FARM_FAIL
SALK_004073C,1,CofC_S11Farm_0040,,S11Farm_Box10_29,10,,
SALK_004073C,2,CofC_S11Farm_0041,,S11Farm_Box10_30,20,I11-G04-10,
SALK_004590C,1A,CofC_S11Farm_0042,,S11Farm_Box09_69,50,I11-G04-5,
SALK_004590C,1B,CofC_S11Farm_0043,,S11Farm_Box02_10,20,,
SALK_004590C,2A,CofC_S11Farm_0044,,S11Farm_Box09_72,100,,
SALK_004590C,2B,CofC_S11Farm_0045,,S11Farm_Box02_11,20,,
SALK_004741C,1,CofC_S11Farm_0046,,S11Farm_Box10_51,>100,I11-G05-9,
SALK_004741C,2,CofC_S11Farm_0047,,S11Farm_Box10_52,>100,,
SALK_004964C,1,CofC_S11Farm_0048,,,,,two plants labeled the same
SALK_004964C,2,CofC_S11Farm_0049,,,,,two plants labeled the same
SALK_004964C,2H,CofC_S11Farm_0050,,,,,two plants labeled the same
SALK_005007C,1,CofC_S11Farm_0051,,S11Farm_Box08_54,50,I11-V02-7,
SALK_005007C,2,CofC_S11Farm_0052,,S11Farm_Box04_10,100,I11-V03-8,
SALK_005190C,1,CofC_S11Farm_0053,,S11Farm_Box01_5,60,,
SALK_005190C,2,CofC_S11Farm_0054,,S11Farm_Box01_12,>100,I11-G04-25,
SALK_005190C,3,CofC_S11Farm_0055,,,,I11-V04-10,
SALK_005336C,,CofC_S11Farm_0056,,,,,FARM_FAIL
SALK_005558C,1,CofC_S11Farm_0057,,,,,no DNA/tissue; two tubes of seed labeled plant #1
SALK_005569C,1,CofC_S11Farm_0058,,,,I11-V04-15,
SALK_005569C,2,CofC_S11Farm_0059,,S11Farm_Box12_49,20,I12-W06-20,
SALK_005569C,3,CofC_S11Farm_0060,,S11Farm_Box14_64,2,,
SALK_005658C,0,CofC_S11Farm_0061,,,,,no seed or DNA
SALK_006054C,1,CofC_S11Farm_0062,,S11Farm_Box01_57,>100,I12-V04-6,
SALK_006054C,2,CofC_S11Farm_0063,,,,,no seed or DNA
SALK_006124C,,CofC_S11Farm_0064,,,,,FARM_FAIL
SALK_006260C,1,CofC_S11Farm_0065,,S11Farm_Box10_15,10,,
SALK_006260C,2,CofC_S11Farm_0066,,S11Farm_Box10_13,20,,
SALK_006528C,1,CofC_S11Farm_0067,,S11Farm_Box09_12,100,,
SALK_006528C,2,CofC_S11Farm_0068,,S11Farm_Box09_16,>100,I11-G03-3,
SALK_006528C,3,CofC_S11Farm_0069,,,,I11-V02-4,
SALK_006559C,1A,CofC_S11Farm_0070,,S11Farm_Box08_12,20,I11-V13-10,
SALK_006559C,1B,CofC_S11Farm_0071,,,,,
SALK_006559C,2A,CofC_S11Farm_0072,,S11Farm_Box08_15,75,I12-G04-28,
SALK_006559C,2C,CofC_S11Farm_0073,,,,,
SALK_006783C,1,CofC_S11Farm_0074,,S11Farm_Box04_62,50,,
SALK_006783C,2A,CofC_S11Farm_0075,,S11Farm_Box04_63,20,,
SALK_006783C,2B,CofC_S11Farm_0076,,S11Farm_Box08_67,5,,
SALK_007052C,2,CofC_S11Farm_0077,,S11Farm_Box04_78,>100,I12-G04-25,
SALK_007052C,1A,CofC_S11Farm_0078,,S11Farm_Box09_13,30,,
SALK_007052C,1B,CofC_S11Farm_0079,,S11Farm_Box13_22,50,,
SALK_007400C,,CofC_S11Farm_0080,,,,,FARM_FAIL
SALK_007643C,,CofC_S11Farm_0081,,,,,DNG
SALK_007756C,1,CofC_S11Farm_0082,,,,,seed tubes both labeled plant #1
SALK_007756C,1H,CofC_S11Farm_0083,,,,I12-V03-4,seed tubes both labeled plant #1
SALK_007810C,2,CofC_S11Farm_0084,,S11Farm_Box09_9,100,,
SALK_007810C,1A,CofC_S11Farm_0085,,S11Farm_Box09_8,100,I11-V09-1,
SALK_007810C,1B,CofC_S11Farm_0086,,S11Farm_Box10_12,20,,
SALK_007810C,2H,CofC_S11Farm_0087,,,,,
SALK_007896C,1,CofC_S11Farm_0088,,S11Farm_Box01_19,100,I12-G05-22,
SALK_007896C,2,CofC_S11Farm_0089,,S11Farm_Box15_60,60,,
SALK_007896C,1B,CofC_S11Farm_0090,,S11Farm_Box12_51,30,,
SALK_007896C,2H,CofC_S11Farm_0091,,Hanna_Box01_10,100,I12-K02-10,
SALK_008040C,1,CofC_S11Farm_0092,,S11Farm_Box11_22,50,I11-G05-18,
SALK_008040C,2,CofC_S11Farm_0093,,S11Farm_Box11_68,50,,
SALK_008679C,1,CofC_S11Farm_0094,,,,,
SALK_008679C,2,CofC_S11Farm_0095,,S11Farm_Box09_10,>100,I12-G05-19,
SALK_008750C,1,CofC_S11Farm_0096,,S11Farm_Box02_73,100,I11-G05-3,
SALK_008750C,2,CofC_S11Farm_0097,,S11Farm_Box02_71,20,,
SALK_008897C,,CofC_S11Farm_0098,,,,,FARM_FAIL
SALK_008905C,2,CofC_S11Farm_0099,,,,I11-V12-12,no seed
SALK_009120C,1,CofC_S11Farm_0100,,S11Farm_Box04_9,>100,I12-G03-16,
SALK_009120C,2,CofC_S11Farm_0101,,S11Farm_Box04_8,>100,,
SALK_009578C,1A,CofC_S11Farm_0102,,S11Farm_Box10_44,120,,
SALK_009578C,1B,CofC_S11Farm_0103,,,,,
SALK_009578C,2A,CofC_S11Farm_0104,,S11Farm_Box10_45,120,I11-G01-26,
SALK_009578C,2B,CofC_S11Farm_0105,,,,,
SALK_009621C,1,CofC_S11Farm_0106,,S11Farm_Box10_35,60,I11-G04-8,
SALK_009621C,2,CofC_S11Farm_0107,,,,I11-V05-10,
SALK_009776C,1,CofC_S11Farm_0108,,S11Farm_Box11_39,10,I12-W06-19,
SALK_009776C,2,CofC_S11Farm_0109,,S11Farm_Box11_38,20,,
SALK_009815C,1,CofC_S11Farm_0110,,S11Farm_Box10_43,120,I11-G02-14,
SALK_009815C,2,CofC_S11Farm_0111,,S11Farm_Box10_40,120,,
SALK_009818C,1,CofC_S11Farm_0112,,S11Farm_Box02_72,100,,two DNA samples labeled #1
SALK_009818C,2,CofC_S11Farm_0113,,,,I11-V04-2,no seed
SALK_009879C,,CofC_S11Farm_0114,,,,,FARM_FAIL
SALK_010192C,1,CofC_S11Farm_0115,,S11Farm_Box01_3,100,,
SALK_010192C,2,CofC_S11Farm_0116,,S11Farm_Box01_6,100,I11-G04-26,
SALK_010208C,1,CofC_S11Farm_0117,,S11Farm_Box15_7,>100,I11-G01-5,
SALK_010208C,2,CofC_S11Farm_0118,,S11Farm_Box15_5,>100,,
SALK_010364C,1,CofC_S11Farm_0119,,S11Farm_Box01_63,100,,
SALK_010364C,2,CofC_S11Farm_0120,,S11Farm_Box01_56,5,I11-V13-14,
SALK_010364C,1A,CofC_S11Farm_0121,,,,,
SALK_010364C,1B,CofC_S11Farm_0122,,S11Farm_Box15_18,40,,
SALK_011077C,1,CofC_S11Farm_0123,,S11Farm_Box15_2,>100,I12-W05-3,
SALK_011077C,2,CofC_S11Farm_0124,,S11Farm_Box15_6,>100,,no DNA
SALK_011213C,1,CofC_S11Farm_0125,,S11Farm_Box09_65,90,I11-V09-5,
SALK_011213C,2,CofC_S11Farm_0126,,,,,
SALK_011343C,1,CofC_S11Farm_0127,,,,,
SALK_011343C,1A,CofC_S11Farm_0128,,,,,
SALK_011343C,2A,CofC_S11Farm_0129,,S11Farm_Box09_7,>100,I11-V09-8,
SALK_011414C,1,CofC_S11Farm_0130,,S11Farm_Box01_55,50-100,,no DNA
SALK_011414C,2,CofC_S11Farm_0131,,S11Farm_Box10_36,200,,multiple DNA samples labeled #2
SALK_011449C,,CofC_S11Farm_0132,,,,,FARM_FAIL
SALK_011661C,,CofC_S11Farm_0133,,,,,FARM_FAIL
SALK_011698C,1,CofC_S11Farm_0134,,S11Farm_Box05_12,150,I12-G06-24,
SALK_011698C,2,CofC_S11Farm_0135,,S11Farm_Box08_66,10,,
SALK_011698C,2A,CofC_S11Farm_0136,,,,,
SALK_011698C,2B,CofC_S11Farm_0137,,,,,
SALK_011857C,,CofC_S11Farm_0138,,,,,FARM_FAIL
SALK_012090C,1,CofC_S11Farm_0139,,S11Farm_Box01_16,>100,I11-G04-2,
SALK_012323C,1,CofC_S11Farm_0140,,S11Farm_Box11_58,50,I11-G05-5,
SALK_012323C,2,CofC_S11Farm_0141,,S11Farm_Box11_40,30,,
SALK_012763C,1A,CofC_S11Farm_0142,,S11Farm_Box01_22,50,I11-G04-21,
SALK_012997C,,CofC_S11Farm_0143,,,,,DNG
SALK_013113C,2,CofC_S11Farm_0144,,S11Farm_Box02_8,20,,no DNA
SALK_013129C,1,CofC_S11Farm_0145,,,,,two samples both labeled #1
SALK_013129C,1,CofC_S11Farm_0146,,,,,two samples both labeled #1
SALK_013229C,1,CofC_S11Farm_0147,,S11Farm_Box04_26,>100,I12-V02-12,
SALK_013229C,2,CofC_S11Farm_0148,,S11Farm_Box04_17,>100,,
SALK_013258C,1,CofC_S11Farm_0149,,,,,no seed; duplicate DNA samples
SALK_013258C,2,CofC_S11Farm_0150,,,,,no DNA; duplicate seed samples
SALK_013353C,,CofC_S11Farm_0151,,,,,FARM_FAIL
SALK_013526C,1,CofC_S11Farm_0152,,,,I11-G05-11,duplicate seed samples
SALK_013567C,1,CofC_S11Farm_0153,,,,,
SALK_013832C,1,CofC_S11Farm_0154,,S11Farm_Box05_59,150,I11-G02-21,
SALK_013832C,2,CofC_S11Farm_0155,,S11Farm_Box05_60,200,,
SALK_014510C,,CofC_S11Farm_0156,,,,,FARM_FAIL
SALK_014983C,2,CofC_S11Farm_0157,,S11Farm_Box03_34,100,I12-V02-13,
SALK_015348C,,CofC_S11Farm_0158,,,,,FARM_FAIL
SALK_015360C,1,CofC_S11Farm_0159,,S11Farm_Box11_64,50,,
SALK_015360C,2,CofC_S11Farm_0160,,S11Farm_Box05_61,160,I11-G01-2,
SALK_015439C,1,CofC_S11Farm_0161,,Hanna_Box02_2,30,,no DNA
SALK_015439C,2,CofC_S11Farm_0162,,,,,no DNA
SALK_015497C,1,CofC_S11Farm_0163,,,,,
SALK_015497C,2,CofC_S11Farm_0164,,S11Farm_Box07_34,10,,no DNA
SALK_015986C,1,CofC_S11Farm_0165,,S11Farm_Box15_81,60,,
SALK_015986C,2,CofC_S11Farm_0166,,S11Farm_Box15_79,100,I11-G01-10,
SALK_016135C,1,CofC_S11Farm_0167,,S11Farm_Box04_6,100,,
SALK_016135C,2A,CofC_S11Farm_0168,,S11Farm_Box04_3,100,I12-G03-3,
SALK_016135C,2B,CofC_S11Farm_0169,,S11Farm_Box08_62,7,,
SALK_016141C,1,CofC_S11Farm_0170,,Hanna_Box01_12,50,I12-V02-2,
SALK_016597C,1,CofC_S11Farm_0171,,,,,
SALK_016597C,2,CofC_S11Farm_0172,,S11Farm_Box10_9,20,,
SALK_016764C,2,CofC_S11Farm_0173,,S11Farm_Box03_25,100,,
SALK_016764C,1A,CofC_S11Farm_0174,,S11Farm_Box03_20,50,I11-G01-20,
SALK_016764C,1B,CofC_S11Farm_0175,,,,,
SALK_016798C,1,CofC_S11Farm_0176,,S11Farm_Box04_22,50,,
SALK_016798C,2,CofC_S11Farm_0177,,S11Farm_Box04_21,50,,
SALK_016798C,1H,CofC_S11Farm_0178,,Hanna_Box02_33,20,I12-K01-7,
SALK_016841C,1,CofC_S11Farm_0179,,S11Farm_Box07_63,10,I11-V12-15,
SALK_016929C,2,CofC_S11Farm_0180,,,,,
SALK_016929C,1A,CofC_S11Farm_0181,,,,,
SALK_016929C,1B,CofC_S11Farm_0182,,S11Farm_Box05_21,220,I12-K06-3,
SALK_017221C,1,CofC_S11Farm_0183,,,,,duplicate #1 plants
SALK_017221C,1,CofC_S11Farm_0184,,,,,duplicate #1 plants
SALK_017221C,2,CofC_S11Farm_0185,,S11Farm_Box09_5,100,,
SALK_017221C,2H,CofC_S11Farm_0186,,,,,
SALK_017873C,1,CofC_S11Farm_0187,,S11Farm_Box07_15,100,I11-G05-2,
SALK_017873C,2,CofC_S11Farm_0188,,Hanna_Box02_40,20,I11-V12-10,
SALK_017873C,1H,CofC_S11Farm_0189,,,,I11-V08-4,
SALK_018011C,,CofC_S11Farm_0190,,,,,FARM_FAIL
SALK_018248C,2,CofC_S11Farm_0191,,,,,
SALK_018362C,2,CofC_S11Farm_0192,,S11Farm_Box11_24,50,I11-G04-29,
SALK_018362C,1A,CofC_S11Farm_0193,,S11Farm_Box10_20,3,I12-G04-11,
SALK_018362C,1B,CofC_S11Farm_0194,,S11Farm_Box05_58,100,,
SALK_018613C,1A,CofC_S11Farm_0195,,S11Farm_Box08_29,50,I12-W06-6,
SALK_018613C,1B,CofC_S11Farm_0196,,S11Farm_Box07_30,6,,
SALK_018613C,2A,CofC_S11Farm_0197,,S11Farm_Box04_69,50,,
SALK_018613C,2B,CofC_S11Farm_0198,,S11Farm_Box07_36,11,,
SALK_018664C,2,CofC_S11Farm_0199,,S11Farm_Box02_6,100,I11-V05-15,
SALK_018664C,3,CofC_S11Farm_0200,,,,I11-V06-7,
SALK_018664C,4,CofC_S11Farm_0201,,,,I11-V06-6,
SALK_018664C,1A,CofC_S11Farm_0202,,S11Farm_Box08_29,50,I12-W06-17,
SALK_018664C,1B,CofC_S11Farm_0203,,S11Farm_Box07_30,6,,
SALK_018664C,2B,CofC_S11Farm_0204,,S11Farm_Box07_36,11,I11-V13-4,
SALK_019080C,2,CofC_S11Farm_0205,,S11Farm_Box12_13,60,I12-V03-12,
SALK_019080C,2H,CofC_S11Farm_0206,,,,,
SALK_019727C,1A,CofC_S11Farm_0207,,S11Farm_Box03_51,50,,
SALK_019727C,1B,CofC_S11Farm_0208,,S11Farm_Box11_19,100,I11-W04-5,
SALK_019727C,1C,CofC_S11Farm_0209,,,,,
SALK_019727C,2A,CofC_S11Farm_0210,,S11Farm_Box02_25,50,I11-W03-8,
SALK_019727C,2B,CofC_S11Farm_0211,,S11Farm_Box11_72,10,,
SALK_019772C,1,CofC_S11Farm_0212,,,,,no seed or DNA
SALK_019772C,2,CofC_S11Farm_0213,,,,,no seed or DNA
SALK_020097C,1,CofC_S11Farm_0214,,S11Farm_Box09_1,80,,no DNA isolations
SALK_020097C,2,CofC_S11Farm_0215,,S11Farm_Box08_81,100,,two DNA isolations
SALK_020097C,1B,CofC_S11Farm_0216,,,,I12-G04-23,no seed
SALK_020153C,1,CofC_S11Farm_0217,,S11Farm_Box02_29,100,I12-G04-26,
SALK_020153C,2,CofC_S11Farm_0218,,,,,
SALK_020153C,2H,CofC_S11Farm_0219,,,,,
SALK_020216C,1,CofC_S11Farm_0220,,S11Farm_Box04_1,>100,I12-G03-10,
SALK_020216C,2,CofC_S11Farm_0221,,S11Farm_Box04_4,100,,
SALK_020216C,1H,CofC_S11Farm_0222,,Hanna_Box02_37,20,,
SALK_020409C,2,CofC_S11Farm_0223,,S11Farm_Box04_39,100,I11-G02-28,
SALK_020409C,1B,CofC_S11Farm_0224,,S11Farm_Box07_76,100,,
SALK_020702C,3,CofC_S11Farm_0225,,S11Farm_Box14_76,50,,no DNA
SALK_020702C,1A,CofC_S11Farm_0226,,,,,
SALK_020702C,1B,CofC_S11Farm_0227,,,,I11-W03-10,no seed
SALK_020702C,2A,CofC_S11Farm_0228,,,,,
SALK_020702C,2B,CofC_S11Farm_0229,,S11Farm_Box07_62,10,,no DNA
SALK_020716C,2,CofC_S11Farm_0230,,S11Farm_Box07_65,100,I11-W03-11,
SALK_020792C,2,CofC_S11Farm_0231,,,,,
SALK_020792C,1A,CofC_S11Farm_0232,,S11Farm_Box02_49,50,I12-W05-4,
SALK_020792C,1B,CofC_S11Farm_0233,,,,,
SALK_020840C,1A,CofC_S11Farm_0234,,S11Farm_Box10_31,60,,
SALK_020840C,1B,CofC_S11Farm_0235,,S11Farm_Box13_79,10,,
SALK_020840C,2A,CofC_S11Farm_0236,,S11Farm_Box10_32,150,I12-G05-30,
SALK_020840C,2B,CofC_S11Farm_0237,,S11Farm_Box15_73,60,,
SALK_020888C,1,CofC_S11Farm_0238,,,,I12-G03-18,no seed
SALK_020888C,2,CofC_S11Farm_0239,,S11Farm_Box03_18,100,,no DNA
SALK_020941C,,CofC_S11Farm_0240,,,,,FARM_FAIL
SALK_021126C,1A,CofC_S11Farm_0241,,,,,
SALK_021126C,1B,CofC_S11Farm_0242,,,,,
SALK_021126C,2A,CofC_S11Farm_0243,,S11Farm_Box08_36,20,,no DNA
SALK_021126C,2B,CofC_S11Farm_0244,,S11Farm_Box03_36,100,,no DNA
SALK_021362C,1,CofC_S11Farm_0245,,S11Farm_Box07_45,30,I12-G02-2,
SALK_021362C,2,CofC_S11Farm_0246,,S11Farm_Box07_50,100,,
SALK_021394C,1,CofC_S11Farm_0247,,S11Farm_Box01_54,10,I12-K13-5,
SALK_021394C,2,CofC_S11Farm_0248,,S11Farm_Box08_53,50,,
SALK_021394C,2H,CofC_S11Farm_0249,,Hanna_Box01_53,7,I11-V07-5,
SALK_021426C,2,CofC_S11Farm_0250,,S11Farm_Box05_44,130,I11-W02-5,
SALK_021426C,1A,CofC_S11Farm_0251,,S11Farm_Box08_64,50,,
SALK_021426C,1B,CofC_S11Farm_0252,,S11Farm_Box05_43,160,,
SALK_021865C,1,CofC_S11Farm_0253,,,,,
SALK_021865C,2,CofC_S11Farm_0254,,S11Farm_Box08_59,50,,no DNA
SALK_021924C,1,CofC_S11Farm_0255,,S11Farm_Box07_26,30,I11-G01-30,
SALK_021924C,2,CofC_S11Farm_0256,,S11Farm_Box07_29,50,,
SALK_021999C,1A,CofC_S11Farm_0257,,S11Farm_Box08_58,20,,
SALK_021999C,1B,CofC_S11Farm_0258,,S11Farm_Box09_47,100,I11-V09-6,
SALK_021999C,2A,CofC_S11Farm_0259,,S11Farm_Box08_63,40,I11-W03-4,
SALK_021999C,2B,CofC_S11Farm_0260,,S11Farm_Box09_48,90,,
SALK_022035C,,CofC_S11Farm_0261,,,,,DNG
SALK_022107C,2,CofC_S11Farm_0262,,S11Farm_Box15_9,10,I12-K13-24,
SALK_022160C,1,CofC_S11Farm_0263,,S11Farm_Box03_30,100,I11-G03-16,
SALK_022174C,,CofC_S11Farm_0264,,,,,FARM_FAIL
SALK_022184C,1,CofC_S11Farm_0265,,S11Farm_Box06_27,20,I11-G02-25,
SALK_022192C,1,CofC_S11Farm_0266,,S11Farm_Box13_77,20,,
SALK_022231C,,CofC_S11Farm_0267,,,,,FARM_FAIL
SALK_022359C,1,CofC_S11Farm_0268,,S11Farm_Box09_51,65,I11-V09-4,
SALK_022429C,1,CofC_S11Farm_0269,,S11Farm_Box10_17,50,,
SALK_022606C,1A,CofC_S11Farm_0270,,S11Farm_Box01_36,3,,
SALK_022606C,1B,CofC_S11Farm_0271,,S11Farm_Box02_50,100,,
SALK_022652C,,CofC_S11Farm_0272,,,,,FARM_FAIL
SALK_022708C,1,CofC_S11Farm_0273,,S11Farm_Box08_57,35,I11-W03-6,
SALK_022708C,2,CofC_S11Farm_0274,,,,,
SALK_022835C,2,CofC_S11Farm_0275,,S11Farm_Box02_19,50,,
SALK_022835C,1A,CofC_S11Farm_0276,,S11Farm_Box02_15,20,,
SALK_022835C,1B,CofC_S11Farm_0277,,S11Farm_Box03_63,100,I11-W01-4,
SALK_022911C,,CofC_S11Farm_0278,,,,,FARM_FAIL
SALK_023093C,1A,CofC_S11Farm_0279,,S11Farm_Box03_50,20,,
SALK_023093C,1B,CofC_S11Farm_0280,,S11Farm_Box07_28,20,,
SALK_023093C,2A,CofC_S11Farm_0281,,S11Farm_Box02_18,100,I12-G03-6,
SALK_023093C,2B,CofC_S11Farm_0282,,S11Farm_Box07_25,10,,
SALK_023296C,1,CofC_S11Farm_0283,,,,,two DNA samples labeled #1; no seed
SALK_023296C,2,CofC_S11Farm_0284,,,,,two seed samples labeled #2; no DNA
SALK_023411C,1,CofC_S11Farm_0285,,Hanna_Box02_38,25,I11-V12-11,
SALK_023429C,2,CofC_S11Farm_0286,,S11Farm_Box07_47,100,,two DNA samples labeled #2
SALK_023429C,1A,CofC_S11Farm_0287,,S11Farm_Box11_14,30,,
SALK_023429C,1B,CofC_S11Farm_0288,,S11Farm_Box07_48,1,,
SALK_023674C,,CofC_S11Farm_0289,,,,,FARM_FAIL
SALK_023733C,1,CofC_S11Farm_0290,,S11Farm_Box02_13,20,,
SALK_023733C,2A,CofC_S11Farm_0291,,S11Farm_Box09_54,60,,
SALK_023733C,2B,CofC_S11Farm_0292,,S11Farm_Box02_14,20,I11-G05-27,
SALK_023753C,1,CofC_S11Farm_0293,,,,,no DNA; two seeds both labeled #1
SALK_023771C,,CofC_S11Farm_0294,,,,,FARM_FAIL
SALK_023789C,,CofC_S11Farm_0295,,,,,DNG
SALK_023980C,2,CofC_S11Farm_0296,,S11Farm_Box01_51,>100,,
SALK_023980C,1A,CofC_S11Farm_0297,,S11Farm_Box10_37,160,I11-G01-23,
SALK_023980C,1B,CofC_S11Farm_0298,,S11Farm_Box01_26,2,,
SALK_024173C,,CofC_S11Farm_0299,,,,,FARM_FAIL
SALK_024198C,1,CofC_S11Farm_0300,,Hanna_Box01_66,>100,,tissue in conflicted box
SALK_024198C,2,CofC_S11Farm_0301,,,,,no seed or tissue
SALK_024228C,1A,CofC_S11Farm_0302,,S11Farm_Box08_16,7,I11-V13-11,
SALK_024228C,1B,CofC_S11Farm_0303,,S11Farm_Box03_27,100,I12-G04-30,
SALK_024228C,2A,CofC_S11Farm_0304,,,,,
SALK_024241C,,CofC_S11Farm_0305,,,,,FARM_FAIL
SALK_024428C,1,CofC_S11Farm_0306,,Hanna_Box01_31,100,I12-K02-2,
SALK_024428C,2,CofC_S11Farm_0307,,,,,
SALK_024428C,2H,CofC_S11Farm_0308,,Hanna_Box01_2,100,,
SALK_024845C,1,CofC_S11Farm_0309,,S11Farm_Box02_69,100,I12-G04-15,
SALK_024845C,2,CofC_S11Farm_0310,,S11Farm_Box02_70,100,,
SALK_025160C,1A,CofC_S11Farm_0311,,S11Farm_Box10_5,120,I11-G02-24,
SALK_025160C,1B,CofC_S11Farm_0312,,S11Farm_Box03_68,10,,
SALK_025160C,2A,CofC_S11Farm_0313,,S11Farm_Box01_52,50-100,,
SALK_025160C,2B,CofC_S11Farm_0314,,S11Farm_Box03_70,50,,
SALK_025269C,1A,CofC_S11Farm_0315,,S11Farm_Box04_29,50,I12-K13-3,
SALK_025269C,1B,CofC_S11Farm_0316,,S11Farm_Box15_15,7,I12-K13-25,
SALK_025503C,3,CofC_S11Farm_0317,,,,I11-V04-13,
SALK_025503C,1A,CofC_S11Farm_0318,,S11Farm_Box08_51,50,,
SALK_025503C,1B,CofC_S11Farm_0319,,,,,
SALK_025503C,2A,CofC_S11Farm_0320,,S11Farm_Box08_65,90,,
SALK_025503C,2B,CofC_S11Farm_0321,,S11Farm_Box09_59,15,,
SALK_025839C,1,CofC_S11Farm_0322,,,,,
SALK_025876C,1,CofC_S11Farm_0323,,S11Farm_Box04_20,50,I12-G02-18,
SALK_025876C,2,CofC_S11Farm_0324,,,,,
SALK_025905C,1,CofC_S11Farm_0325,,S11Farm_Box08_5,>100,I11-G02-30,
SALK_025905C,2,CofC_S11Farm_0326,,S11Farm_Box08_6,90,,
SALK_026421C,1A,CofC_S11Farm_0327,,S11Farm_Box11_12,20,,
SALK_026421C,1B,CofC_S11Farm_0328,,S11Farm_Box04_7,100,I12-G04-21,
SALK_026421C,2A,CofC_S11Farm_0329,,S11Farm_Box11_13,15,,
SALK_026421C,2B,CofC_S11Farm_0330,,S11Farm_Box01_79,>100,,
SALK_026568C,2,CofC_S11Farm_0331,,S11Farm_Box09_63,50,,
SALK_026568C,1A,CofC_S11Farm_0332,,S11Farm_Box09_62,20,,
SALK_026568C,1B,CofC_S11Farm_0333,,S11Farm_Box04_24,>100,I11-V13-3,
SALK_026580C,1,CofC_S11Farm_0334,,,,I11-V12-7,
SALK_026580C,2,CofC_S11Farm_0335,,S11Farm_Box10_23,20,,
SALK_026798C,,CofC_S11Farm_0336,,,,,FARM_FAIL
SALK_026864C,1,CofC_S11Farm_0337,,S11Farm_Box02_26,50,,
SALK_026864C,2,CofC_S11Farm_0338,,S11Farm_Box02_22,50,,two DNA isolations both labeled #2
SALK_026876C,1,CofC_S11Farm_0339,,Hanna_Box02_45,10,I11-V12-6,
SALK_027197C,1,CofC_S11Farm_0340,,,,,
SALK_027197C,2,CofC_S11Farm_0341,,S11Farm_Box12_11,40,,
SALK_027197C,1A,CofC_S11Farm_0342,,,,,
SALK_027197C,2H,CofC_S11Farm_0343,,,,I12-V03-3,
SALK_027329C,1,CofC_S11Farm_0344,,Hanna_Box01_50,>100,I12-K04-14,
SALK_027329C,2,CofC_S11Farm_0345,,S11Farm_Box04_23,50,I11-V06-13,
SALK_027349C,1A,CofC_S11Farm_0346,,S11Farm_Box04_64,50,I11-G03-10,
SALK_027349C,1B,CofC_S11Farm_0347,,S11Farm_Box02_23,50,,
SALK_027349C,2A,CofC_S11Farm_0348,,S11Farm_Box04_73,50,,
SALK_027349C,2B,CofC_S11Farm_0349,,S11Farm_Box02_24,30,,
SALK_027604C,1,CofC_S11Farm_0350,,S11Farm_Box03_58,100,I11-W01-6,
SALK_027644C,1,CofC_S11Farm_0351,,Hanna_Box01_54,3,I11-V08-14,
SALK_027694C,,CofC_S11Farm_0352,,,,,DNG
SALK_027956C,,CofC_S11Farm_0353,,,,,DNG
SALK_028169C,1,CofC_S11Farm_0354,,S11Farm_Box01_4,100,,
SALK_028169C,2,CofC_S11Farm_0355,,S11Farm_Box01_1,>100,I12-G06-18,
SALK_029317C,1,CofC_S11Farm_0356,,S11Farm_Box05_69,120,I12-G02-16,
SALK_029317C,2,CofC_S11Farm_0357,,S11Farm_Box05_68,60,,
SALK_029403C,1,CofC_S11Farm_0358,,S11Farm_Box05_37,200,,
SALK_029403C,2,CofC_S11Farm_0359,,S11Farm_Box05_42,100,I12-K13-9,
SALK_029496C,1,CofC_S11Farm_0360,,S11Farm_Box02_4,20,,
SALK_029496C,2,CofC_S11Farm_0361,,S11Farm_Box02_5,50,I11-G03-15,
SALK_029626C,1,CofC_S11Farm_0362,,S11Farm_Box06_14,10,,
SALK_029626C,1H,CofC_S11Farm_0363,,Hanna_Box02_44,10,,
SALK_029626C,2A,CofC_S11Farm_0364,,,,,
SALK_029626C,2B,CofC_S11Farm_0365,,S11Farm_Box06_15,10,,
SALK_029973C,1,CofC_S11Farm_0366,,S11Farm_Box10_48,>100,I11-G05-26,
SALK_030083C,1,CofC_S11Farm_0367,,,,,no see or DNA
SALK_030101C,1,CofC_S11Farm_0368,,,,,
SALK_030101C,2,CofC_S11Farm_0369,,S11Farm_Box06_21,70,,
SALK_030146C,1,CofC_S11Farm_0370,,S11Farm_Box15_77,40,,
SALK_030146C,2,CofC_S11Farm_0371,,S11Farm_Box04_61,50,I11-V13-2,
SALK_030559C,1,CofC_S11Farm_0372,,,,I11-V05-2,
SALK_030559C,1H,CofC_S11Farm_0373,,,,I11-W02-6,
SALK_030559C,2A,CofC_S11Farm_0374,,S11Farm_Box11_7,4,,
SALK_030559C,2B,CofC_S11Farm_0375,,S11Farm_Box12_8,12,I12-K03-1,
SALK_030559C,2H,CofC_S11Farm_0376,,,,,
SALK_030664C,1,CofC_S11Farm_0377,,S11Farm_Box05_70,160,I12-G02-8,
SALK_030664C,2,CofC_S11Farm_0378,,S11Farm_Box06_32,20,,
SALK_030677C,1,CofC_S11Farm_0379,,,,,
SALK_030677C,1H,CofC_S11Farm_0380,,,,,
SALK_030677C,2A,CofC_S11Farm_0381,,,,,
SALK_030677C,2B,CofC_S11Farm_0382,,,,,
SALK_030677C,2H,CofC_S11Farm_0383,,,,,
SALK_030702C,3,CofC_S11Farm_0384,,S11Farm_Box14_79,10,,
SALK_030702C,4,CofC_S11Farm_0385,,S11Farm_Box14_75,20,,
SALK_030702C,2A,CofC_S11Farm_0386,,S11Farm_Box06_31,40,,
SALK_030702C,2B,CofC_S11Farm_0387,,S11Farm_Box07_40,30,,
SALK_030711C,1,CofC_S11Farm_0388,,S11Farm_Box02_75,100,I12-G03-9,
SALK_030711C,2,CofC_S11Farm_0389,,S11Farm_Box02_76,100,,
SALK_031040C,,CofC_S11Farm_0390,,,,,FARM_FAIL
SALK_031420C,1,CofC_S11Farm_0391,,S11Farm_Box10_33,160,I11-G04-19,
SALK_031420C,2,CofC_S11Farm_0392,,S11Farm_Box10_34,150,,
SALK_031536C,,CofC_S11Farm_0393,,,,,FARM_FAIL
SALK_031830C,1,CofC_S11Farm_0394,,,,,
SALK_031830C,2A,CofC_S11Farm_0395,,,,,
SALK_031830C,2B,CofC_S11Farm_0396,,S11Farm_Box15_78,60,,
SALK_032503C,,CofC_S11Farm_0397,,,,,FARM_FAIL
SALK_032802C,1A,CofC_S11Farm_0398,,S11Farm_Box08_52,60,,
SALK_032802C,1B,CofC_S11Farm_0399,,S11Farm_Box11_6,10,,
SALK_032802C,2A,CofC_S11Farm_0400,,S11Farm_Box08_61,50,I12-W06-18,
SALK_032802C,2B,CofC_S11Farm_0401,,S11Farm_Box11_10,20,,
SALK_032952C,1,CofC_S11Farm_0402,,S11Farm_Box13_21,30,,
SALK_032952C,2,CofC_S11Farm_0403,,S11Farm_Box13_19,60,,
SALK_033047C,1,CofC_S11Farm_0404,,Hanna_Box01_25,60,I12-V04-1,
SALK_033047C,2,CofC_S11Farm_0405,,S11Farm_Box02_78,100,,
SALK_033085C,2,CofC_S11Farm_0406,,S11Farm_Box10_7,20,,no DNA
SALK_033233C,1,CofC_S11Farm_0407,,,,,
SALK_033233C,2,CofC_S11Farm_0408,,S11Farm_Box04_60,80,I11-W03-2,second tisue sample found for a plant #2
SALK_033323C,1,CofC_S11Farm_0409,,S11Farm_Box03_7,100,,
SALK_033323C,2,CofC_S11Farm_0410,,S11Farm_Box03_8,100,I12-G03-26,
SALK_034258C,,CofC_S11Farm_0411,,,,,DNG
SALK_034674C,1,CofC_S11Farm_0412,,Hanna_Box03_15,100,I12-V02-17,
SALK_035240C,1A,CofC_S11Farm_0413,,,,,
SALK_035240C,1B,CofC_S11Farm_0414,,,,,
SALK_035240C,2A,CofC_S11Farm_0415,,S11Farm_Box02_28,100,I11-G02-20,
SALK_035240C,2B,CofC_S11Farm_0416,,,,,
SALK_035264C,1,CofC_S11Farm_0417,,S11Farm_Box10_38,100,I11-G03-22,
SALK_035264C,2,CofC_S11Farm_0418,,S11Farm_Box10_39,100,,
SALK_035336C,1,CofC_S11Farm_0419,,S11Farm_Box06_38,30,I11-W03-14,
SALK_035336C,2A,CofC_S11Farm_0420,,S11Farm_Box15_17,20,,
SALK_035336C,2B,CofC_S11Farm_0421,,S11Farm_Box06_39,70,I12-G02-24,
SALK_036154C,1,CofC_S11Farm_0422,,S11Farm_Box05_51,70,I11-W02-4,
SALK_036154C,1H,CofC_S11Farm_0423,,Hanna_Box01_64,20,,
SALK_036166C,1,CofC_S11Farm_0424,,S11Farm_Box02_68,50,I12-G05-8,
SALK_036204C,1,CofC_S11Farm_0425,,,,,
SALK_036204C,3,CofC_S11Farm_0426,,S11Farm_Box14_69,20,,
SALK_036204C,2A,CofC_S11Farm_0427,,S11Farm_Box08_60,100,I11-G05-8,
SALK_036204C,2B,CofC_S11Farm_0428,,S11Farm_Box11_16,10,,
SALK_036310C,1,CofC_S11Farm_0429,,S11Farm_Box10_49,80,,
SALK_036310C,2,CofC_S11Farm_0430,,S11Farm_Box10_50,20,,
SALK_036310C,1H,CofC_S11Farm_0431,,,,I12-V03-8,
SALK_036310C,2H,CofC_S11Farm_0432,,,,,
SALK_036317C,1,CofC_S11Farm_0433,,S11Farm_Box14_74,4,,
SALK_036317C,2,CofC_S11Farm_0434,,,,,
SALK_036317C,3,CofC_S11Farm_0435,,,,,
SALK_036317C,4,CofC_S11Farm_0436,,S11Farm_Box14_68,3,,
SALK_036492C,1,CofC_S11Farm_0437,,S11Farm_Box05_52,100,,
SALK_036492C,2,CofC_S11Farm_0438,,S11Farm_Box05_53,150,I12-G05-16,
SALK_036492C,3,CofC_S11Farm_0439,,,,,
SALK_036674C,1,CofC_S11Farm_0440,,S11Farm_Box05_62,60,,
SALK_036674C,2,CofC_S11Farm_0441,,S11Farm_Box05_75,90,I12-G02-15,
SALK_036674C,1H,CofC_S11Farm_0442,,Hanna_Box02_32,20,I11-V12-3,
SALK_036674C,2H,CofC_S11Farm_0443,,,,I11-V07-7,
SALK_037061C,1,CofC_S11Farm_0444,,S11Farm_Box01_2,20,,no DNA - have dry tissue sample
SALK_037137C,1,CofC_S11Farm_0445,,S11Farm_Box01_24,>100,I11-G02-3,
SALK_037137C,2,CofC_S11Farm_0446,,S11Farm_Box01_21,65,,
SALK_037223C,1,CofC_S11Farm_0447,,S11Farm_Box03_57,100,,
SALK_037223C,1H,CofC_S11Farm_0448,,Hanna_Box02_1,15,,
SALK_037231C,1,CofC_S11Farm_0449,,Hanna_Box01_28,>100,I12-V02-29,
SALK_037273C,,CofC_S11Farm_0450,,,,,FARM_FAIL
SALK_037642C,1,CofC_S11Farm_0451,,S11Farm_Box01_11,>100,I12-W05-26,
SALK_037642C,2,CofC_S11Farm_0452,,S11Farm_Box01_13,>100,I12-W06-8,
SALK_037642C,1H,CofC_S11Farm_0453,,Hanna_Box02_3,10,,
SALK_037727C,1,CofC_S11Farm_0454,,,,,
SALK_037727C,2,CofC_S11Farm_0455,,S11Farm_Box08_3,60,,
SALK_037779C,,CofC_S11Farm_0456,,,,,DNG
SALK_038262C,1,CofC_S11Farm_0457,,S11Farm_Box03_66,100,I11-G05-19,
SALK_038262C,2,CofC_S11Farm_0458,,S11Farm_Box03_52,100,,
SALK_038271C,1,CofC_S11Farm_0459,,,,,
SALK_038271C,2,CofC_S11Farm_0460,,S11Farm_Box03_67,50,,
SALK_038271C,1H,CofC_S11Farm_0461,,,,I12-V03-1,
SALK_038310C,1,CofC_S11Farm_0462,,S11Farm_Box10_18,90,I12-G04-29,
SALK_038310C,1H,CofC_S11Farm_0463,,Hanna_Box01_68,>100,I12-G06-9,
SALK_038310C,2A,CofC_S11Farm_0464,,S11Farm_Box04_13,50,,
SALK_038310C,2B,CofC_S11Farm_0465,,S11Farm_Box04_27,7,,
SALK_038344C,1,CofC_S11Farm_0466,,S11Farm_Box05_6,200,I12-G05-15,
SALK_038344C,2,CofC_S11Farm_0467,,S11Farm_Box05_7,130,,
SALK_038360C,1A,CofC_S11Farm_0468,,S11Farm_Box04_35,100,,
SALK_038360C,1B,CofC_S11Farm_0469,,,,,
SALK_038360C,2A,CofC_S11Farm_0470,,S11Farm_Box04_40,50,I11-G05-21,
SALK_038360C,2B,CofC_S11Farm_0471,,S11Farm_Box07_42,6,,
SALK_038709C,1A,CofC_S11Farm_0472,,,,,
SALK_038709C,1B,CofC_S11Farm_0473,,,,,
SALK_038709C,2A,CofC_S11Farm_0474,,S11Farm_Box01_47,100,,
SALK_038709C,2B,CofC_S11Farm_0475,,,,,two tubes of seed labeled #2B
SALK_038935C,2,CofC_S11Farm_0476,,S11Farm_Box01_18,100,,
SALK_038935C,1A,CofC_S11Farm_0477,,S11Farm_Box01_20,100,I12-W05-8,
SALK_038935C,1B,CofC_S11Farm_0478,,,,,
SALK_038952C,1,CofC_S11Farm_0479,,S11Farm_Box05_27,180,,
SALK_038952C,2,CofC_S11Farm_0480,,S11Farm_Box05_28,300,I12-K06-12,
SALK_038952C,1H,CofC_S11Farm_0481,,Hanna_Box02_23,50,I11-V11-4,
SALK_038957C,,CofC_S11Farm_0482,,,,,FARM_FAIL
SALK_039004C,1,CofC_S11Farm_0483,,S11Farm_Box05_4,120,,
SALK_039004C,2,CofC_S11Farm_0484,,S11Farm_Box05_5,100,I12-W06-3,
SALK_039302C,1,CofC_S11Farm_0485,,S11Farm_Box03_2,20,,
SALK_039302C,3,CofC_S11Farm_0486,,S11Farm_Box14_67,50,,
SALK_039359C,,CofC_S11Farm_0487,,,,,FARM_FAIL
SALK_039361C,1,CofC_S11Farm_0488,,S11Farm_Box15_76,60,I11-G01-7,
SALK_039361C,2,CofC_S11Farm_0489,,,,,
SALK_039436C,1,CofC_S11Farm_0490,,S11Farm_Box06_51,100,,
SALK_039436C,2,CofC_S11Farm_0491,,S11Farm_Box06_45,100,I12-W05-20,
SALK_039456C,1,CofC_S11Farm_0492,,S11Farm_Box15_74,75,I11-G02-9,
SALK_039456C,2,CofC_S11Farm_0493,,S11Farm_Box16_4,100,I11-W03-13,
SALK_039456C,3,CofC_S11Farm_0494,,,,I11-V05-8,
SALK_039478C,1,CofC_S11Farm_0495,,S11Farm_Box08_14,>100,I11-G01-18,
SALK_039478C,3,CofC_S11Farm_0496,,S11Farm_Box14_51,20,,
SALK_039654C,1,CofC_S11Farm_0497,,,,I11-V06-14,two tubes of seed labeled #1
SALK_039654C,2,CofC_S11Farm_0498,,S11Farm_Box16_3,100,I11-V06-1,
SALK_039680C,,CofC_S11Farm_0499,,,,,FARM_FAIL
SALK_039936C,1,CofC_S11Farm_0500,,S11Farm_Box13_78,10,,
SALK_040211C,1,CofC_S11Farm_0501,,,,,
SALK_040211C,2,CofC_S11Farm_0502,,,,,
SALK_040211C,4,CofC_S11Farm_0503,,,,I11-V02-5,
SALK_040280C,,CofC_S11Farm_0504,,,,,FARM_FAIL
SALK_040296C,1,CofC_S11Farm_0505,,S11Farm_Box09_61,10,,
SALK_040296C,2,CofC_S11Farm_0506,,S11Farm_Box09_66,15,I12-W06-12,
SALK_040296C,4,CofC_S11Farm_0507,,,,I11-V04-14,
SALK_040363C,1,CofC_S11Farm_0508,,S11Farm_Box03_59,100,,multiple samples with same label
SALK_040363C,2,CofC_S11Farm_0509,,S11Farm_Box03_61,100,,multiple samples with same label
SALK_040506C,,CofC_S11Farm_0510,,,,,FARM_FAIL
SALK_040620C,1,CofC_S11Farm_0511,,S11Farm_Box08_55,50,I12-G04-16,
SALK_040620C,2,CofC_S11Farm_0512,,S11Farm_Box08_56,20,,
SALK_040805C,1,CofC_S11Farm_0513,,,,,multiple samples with same label
SALK_040805C,2,CofC_S11Farm_0514,,,,,multiple samples with same label
SALK_040805C,3,CofC_S11Farm_0515,,,,I11-V01-1,
SALK_040805C,2A,CofC_S11Farm_0516,,,,,multiple samples with same label
SALK_041685C,1,CofC_S11Farm_0517,,,,I11-W02-2,"two tubes of seeds labeled #1, cannot distinguish between them"
SALK_041685C,1B,CofC_S11Farm_0518,,,,,"two tubes of seeds labeled #1, cannot distinguish between them"
SALK_041897C,1,CofC_S11Farm_0519,,S11Farm_Box06_25,90,,"no DNA, tissue in Box F"
SALK_041897C,2,CofC_S11Farm_0520,,,,I12-G02-11,
SALK_042113C,1,CofC_S11Farm_0521,,S11Farm_Box12_58,10,,
SALK_042113C,1H,CofC_S11Farm_0522,,S11Farm_Box12_58,10,,
SALK_042113C,2A,CofC_S11Farm_0523,,S11Farm_Box03_21,100,,
SALK_042113C,2B,CofC_S11Farm_0524,,S11Farm_Box12_61,10,,
SALK_042362C,1,CofC_S11Farm_0525,,S11Farm_Box11_23,50,I12-K13-14,
SALK_042362C,2,CofC_S11Farm_0526,,S11Farm_Box11_70,15,,
SALK_042624C,1,CofC_S11Farm_0527,,,,,data from two samples with same name; no DNA
SALK_042624C,1,CofC_S11Farm_0528,,,,,data from two samples with same name; no DNA
SALK_042719C,1,CofC_S11Farm_0529,,S11Farm_Box07_41,15,,
SALK_042719C,2,CofC_S11Farm_0530,,S11Farm_Box07_66,100,I11-G01-6,
SALK_042719C,3,CofC_S11Farm_0531,,S11Farm_Box14_72,20,,
SALK_042719C,4,CofC_S11Farm_0532,,S11Farm_Box14_62,20,,
SALK_043158C,1,CofC_S11Farm_0533,,Hanna_Box01_40,100,I12-K02-6,
SALK_043342C,1A,CofC_S11Farm_0534,,,,,
SALK_043342C,1B,CofC_S11Farm_0535,,,,I11-G04-13,
SALK_043342C,2A,CofC_S11Farm_0536,,,,,
SALK_043342C,2B,CofC_S11Farm_0537,,S11Farm_Box01_10,50,,
SALK_043674C,,CofC_S11Farm_0538,,,,,FARM_FAIL
SALK_043937C,1,CofC_S11Farm_0539,,S11Farm_Box06_26,100,I11-G01-28,
SALK_043937C,2,CofC_S11Farm_0540,,S11Farm_Box15_80,100,I11-V10-1,
SALK_043937C,1H,CofC_S11Farm_0541,,Hanna_Box01_58,25,I11-V08-6,
SALK_044022C,1,CofC_S11Farm_0542,,S11Farm_Box13_4,>100,I11-G03-24,
SALK_044022C,2,CofC_S11Farm_0543,,,,,
SALK_044320C,1A,CofC_S11Farm_0544,,S11Farm_Box02_12,10,,
SALK_044320C,1B,CofC_S11Farm_0545,,S11Farm_Box05_14,150,,
SALK_044320C,2A,CofC_S11Farm_0546,,S11Farm_Box02_16,10,,
SALK_044320C,2B,CofC_S11Farm_0547,,S11Farm_Box05_16,150,I12-K06-6,
SALK_044330C,1,CofC_S11Farm_0548,,S11Farm_Box04_70,>100,I12-G04-5,
SALK_044330C,2,CofC_S11Farm_0549,,S11Farm_Box04_42,10,I12-K13-6,
SALK_044330C,3,CofC_S11Farm_0550,,,,I11-V05-11,
SALK_044330C,1B,CofC_S11Farm_0551,,,,I11-V06-12,
SALK_044470C,,CofC_S11Farm_0552,,,,,DNG
SALK_044488C,1,CofC_S11Farm_0553,,S11Farm_Box05_22,110,I12-K06-13,
SALK_044508C,1A,CofC_S11Farm_0554,,S11Farm_Box02_2,30,,
SALK_044508C,1B,CofC_S11Farm_0555,,S11Farm_Box03_75,50,,"no DNA, have tissue in Box B"
SALK_044508C,2A,CofC_S11Farm_0556,,S11Farm_Box02_3,100,,"no DNA, have dry tissue sample"
SALK_044508C,2B,CofC_S11Farm_0557,,,,,
SALK_044563C,1,CofC_S11Farm_0558,,S11Farm_Box13_35,100,,
SALK_044563C,2,CofC_S11Farm_0559,,S11Farm_Box13_36,100,I12-G03-7,
SALK_044631C,,CofC_S11Farm_0560,,,,,FARM_FAIL
SALK_044835C,1,CofC_S11Farm_0561,,,,,
SALK_044835C,2,CofC_S11Farm_0562,,S11Farm_Box01_8,75,,
SALK_044835C,2H,CofC_S11Farm_0563,,,,I12-V03-6,
SALK_045037C,1,CofC_S11Farm_0564,,S11Farm_Box12_50,40,,
SALK_045463C,1,CofC_S11Farm_0565,,S11Farm_Box08_13,>100,I11-G02-1,
SALK_045463C,2,CofC_S11Farm_0566,,S11Farm_Box08_7,50,,
SALK_045463C,2H,CofC_S11Farm_0567,,Hanna_Box01_74,30,I11-V08-3,
SALK_045608C,1,CofC_S11Farm_0568,,S11Farm_Box11_54,100,,
SALK_045608C,2,CofC_S11Farm_0569,,S11Farm_Box11_20,>100,I11-G01-9,
SALK_045608C,1H,CofC_S11Farm_0570,,Hanna_Box01_45,15,I11-V08-12,
SALK_045619C,1A,CofC_S11Farm_0571,,S11Farm_Box02_20,20,I11-G03-14,
SALK_045619C,1B,CofC_S11Farm_0572,,S11Farm_Box05_36,40,,
SALK_045619C,2A,CofC_S11Farm_0573,,,,,
SALK_045619C,2B,CofC_S11Farm_0574,,,,,
SALK_045624C,,CofC_S11Farm_0575,,,,,FARM_FAIL
SALK_045755C,1,CofC_S11Farm_0576,,,,,
SALK_046180C,1,CofC_S11Farm_0577,,,,I11-W02-9,two seed samples labeled #1
SALK_046180C,3,CofC_S11Farm_0578,,S11Farm_Box14_61,20,,
SALK_046180C,2A,CofC_S11Farm_0579,,,,,
SALK_046284C,1,CofC_S11Farm_0580,,Hanna_Box01_55,>100,I12-K01-13,
SALK_046284C,2,CofC_S11Farm_0581,,S11Farm_Box01_14,60,I11-G02-8,
SALK_046291C,1,CofC_S11Farm_0582,,S11Farm_Box15_43,100,I12-K13-23,
SALK_046291C,2,CofC_S11Farm_0583,,S11Farm_Box15_49,90,,
SALK_046315C,1,CofC_S11Farm_0584,,S11Farm_Box02_17,100,I11-G05-25,
SALK_046315C,2,CofC_S11Farm_0585,,S11Farm_Box08_34,15,I12-K01-4,
SALK_046315C,2A,CofC_S11Farm_0586,,,,,
SALK_046315C,2B,CofC_S11Farm_0587,,,,,
SALK_046567C,1,CofC_S11Farm_0588,,S11Farm_Box12_65,35,I12-G04-12,
SALK_046567C,3A,CofC_S11Farm_0589,,S11Farm_Box14_65,50,,
SALK_046567C,3B,CofC_S11Farm_0590,,S11Farm_Box14_66,30,,
SALK_046781C,2,CofC_S11Farm_0591,,S11Farm_Box07_61,100,I12-K13-1,
SALK_046920C,1,CofC_S11Farm_0592,,,,I11-G04-15,
SALK_046920C,1H,CofC_S11Farm_0593,,Hanna_Box02_46,20,I11-V12-8,
SALK_046920C,2A,CofC_S11Farm_0594,,S11Farm_Box13_8,100,,
SALK_046920C,2B,CofC_S11Farm_0595,,,,,
SALK_047254C,1,CofC_S11Farm_0596,,,,,
SALK_047254C,2,CofC_S11Farm_0597,,S11Farm_Box01_49,100,,
SALK_047449C,1,CofC_S11Farm_0598,,S11Farm_Box08_20,90,I11-G02-15,
SALK_047449C,2,CofC_S11Farm_0599,,S11Farm_Box08_21,75,I11-V09-15,
SALK_047537C,1,CofC_S11Farm_0600,,S11Farm_Box08_10,>100,,
SALK_047537C,2,CofC_S11Farm_0601,,S11Farm_Box08_4,70,,
SALK_047540C,1A,CofC_S11Farm_0602,,S11Farm_Box08_48,50,I12-W06-14,
SALK_047540C,1B,CofC_S11Farm_0603,,,,,
SALK_047540C,2A,CofC_S11Farm_0604,,S11Farm_Box08_50,25,I12-W06-10,
SALK_047540C,2B,CofC_S11Farm_0605,,,,,
SALK_047893C,1,CofC_S11Farm_0606,,S11Farm_Box06_44,20,,
SALK_047893C,3,CofC_S11Farm_0607,,S11Farm_Box14_77,50,,
SALK_047933C,1,CofC_S11Farm_0608,,S11Farm_Box15_14,20,I12-K13-20,
SALK_048182C,1,CofC_S11Farm_0609,,S11Farm_Box11_8,10,,
SALK_048182C,2,CofC_S11Farm_0610,,,,,
SALK_048207C,,CofC_S11Farm_0611,,,,,FARM_FAIL
SALK_048924C,1,CofC_S11Farm_0612,,S11Farm_Box03_3,100,I12-G03-4,
SALK_048924C,2,CofC_S11Farm_0613,,S11Farm_Box03_4,100,,
SALK_048952C,1,CofC_S11Farm_0614,,S11Farm_Box03_42,10,,
SALK_048952C,3,CofC_S11Farm_0615,,S11Farm_Box16_1,50,,
SALK_048952C,4,CofC_S11Farm_0616,,S11Farm_Box16_5,10,,
SALK_048952C,2A,CofC_S11Farm_0617,,S11Farm_Box02_1,50,I11-G01-8,
SALK_048952C,2B,CofC_S11Farm_0618,,,,,
SALK_048970C,,CofC_S11Farm_0619,,,,,FARM_FAIL
SALK_048985C,1,CofC_S11Farm_0620,,,,,
SALK_048985C,2,CofC_S11Farm_0621,,S11Farm_Box03_33,100,I12-G03-8,
SALK_049342C,,CofC_S11Farm_0622,,,,,FARM_FAIL
SALK_049470C,1,CofC_S11Farm_0623,,Hanna_Box02_50,100,I12-K01-12,
SALK_049470C,2,CofC_S11Farm_0624,,S11Farm_Box13_9,>100,I11-G03-20,
SALK_049540C,1,CofC_S11Farm_0625,,S11Farm_Box03_55,50,I11-W01-5,
SALK_049581C,1,CofC_S11Farm_0626,,S11Farm_Box11_80,50,I12-G05-12,
SALK_049581C,2,CofC_S11Farm_0627,,S11Farm_Box11_76,100,,
SALK_049751C,,CofC_S11Farm_0628,,,,,FARM_FAIL
SALK_049763C,,CofC_S11Farm_0629,,,,,FARM_FAIL
SALK_050488C,1,CofC_S11Farm_0630,,S11Farm_Box03_6,20,I11-V13-15,
SALK_050488C,2,CofC_S11Farm_0631,,S11Farm_Box08_41,6,,
SALK_050488C,2A,CofC_S11Farm_0632,,,,,
SALK_050488C,2B,CofC_S11Farm_0633,,S11Farm_Box02_67,100,I11-G02-27,
SALK_050669C,,CofC_S11Farm_0634,,,,,FARM_FAIL
SALK_050704C,,CofC_S11Farm_0635,,,,,DNG
SALK_050906C,1,CofC_S11Farm_0636,,S11Farm_Box02_52,100,I12-G06-27,
SALK_051138C,1,CofC_S11Farm_0637,,S11Farm_Box15_45,70,I11-G01-17,
SALK_052015C,1,CofC_S11Farm_0638,,S11Farm_Box02_64,50,,
SALK_052015C,2,CofC_S11Farm_0639,,S11Farm_Box02_61,50,I12-L06-6,
SALK_053022C,1,CofC_S11Farm_0640,,S11Farm_Box03_62,100,I11-G03-13,
SALK_053167C,,CofC_S11Farm_0641,,,,,DNG
SALK_053198C,1,CofC_S11Farm_0642,,S11Farm_Box05_45,200,I11-W02-3,
SALK_053270C,1A,CofC_S11Farm_0643,,S11Farm_Box01_17,20,,
SALK_053270C,1B,CofC_S11Farm_0644,,S11Farm_Box02_32,100,I12-G03-25,
SALK_053448C,1,CofC_S11Farm_0645,,S11Farm_Box05_35,90,I12-K06-5,
SALK_053489C,1,CofC_S11Farm_0646,,S11Farm_Box12_10,~100,,
SALK_053489C,2,CofC_S11Farm_0647,,,,I11-V02-10,
SALK_053489C,3,CofC_S11Farm_0648,,S11Farm_Box14_53,,,
SALK_053489C,1H,CofC_S11Farm_0649,,,,,
SALK_054281C,1,CofC_S11Farm_0650,,Hanna_Box01_15,>100,I12-K05-1,
SALK_054446C,1A,CofC_S11Farm_0651,,S11Farm_Box09_56,10,,
SALK_054446C,1B,CofC_S11Farm_0652,,S11Farm_Box05_74,70,,
SALK_054446C,2A,CofC_S11Farm_0653,,,,,
SALK_054446C,2B,CofC_S11Farm_0654,,S11Farm_Box16_2,20,,
SALK_054568C,1,CofC_S11Farm_0655,,S11Farm_Box10_41,70,,
SALK_054568C,2,CofC_S11Farm_0656,,S11Farm_Box10_42,100,I11-G04-14,
SALK_055034C,1,CofC_S11Farm_0657,,S11Farm_Box02_63,100,,
SALK_055034C,2A,CofC_S11Farm_0658,,S11Farm_Box01_64,>100,I11-V13-12,
SALK_055034C,2B,CofC_S11Farm_0659,,S11Farm_Box13_23,5,,
SALK_055037C,,CofC_S11Farm_0660,,,,,FARM_FAIL
SALK_055190C,1,CofC_S11Farm_0661,,S11Farm_Box08_33,20,I12-W06-16,
SALK_055243C,,CofC_S11Farm_0662,,,,,FARM_FAIL
SALK_055351C,1,CofC_S11Farm_0663,,S11Farm_Box08_17,30,I11-W04-1,
SALK_055351C,2,CofC_S11Farm_0664,,S11Farm_Box08_18,100,,
SALK_055379C,,CofC_S11Farm_0665,,,,,FARM_FAIL
SALK_055785C,,CofC_S11Farm_0666,,,,,FARM_FAIL
SALK_055818C,1A,CofC_S11Farm_0667,,S11Farm_Box12_52,30,I12-W06-24,
SALK_055818C,1B,CofC_S11Farm_0668,,S11Farm_Box11_71,50,,
SALK_055818C,2A,CofC_S11Farm_0669,,S11Farm_Box15_46,70,,
SALK_055818C,2B,CofC_S11Farm_0670,,S11Farm_Box11_77,30,,
SALK_056529C,,CofC_S11Farm_0671,,,,,DNG
SALK_056699C,1,CofC_S11Farm_0672,,S11Farm_Box03_48,20,I11-G05-13,
SALK_056699C,2,CofC_S11Farm_0673,,S11Farm_Box02_21,50,I11-V13-13,
SALK_057587C,1,CofC_S11Farm_0674,,S11Farm_Box02_30,100,I12-G06-29,
SALK_057587C,2,CofC_S11Farm_0675,,S11Farm_Box03_64,100,I11-V13-5,
SALK_057612C,1,CofC_S11Farm_0676,,S11Farm_Box10_26,120,I11-G02-7,
SALK_057612C,2,CofC_S11Farm_0677,,,,,
SALK_057621C,1,CofC_S11Farm_0678,,,,,
SALK_057742C,1,CofC_S11Farm_0679,,S11Farm_Box07_54,50,I11-V05-14,
SALK_057742C,2,CofC_S11Farm_0680,,S11Farm_Box07_46,100,I11-G01-29,
SALK_057893C,1,CofC_S11Farm_0681,,S11Farm_Box13_2,>100,I11-G03-21,
SALK_057893C,2,CofC_S11Farm_0682,,Hanna_Box02_52,>100,,
SALK_057893C,3,CofC_S11Farm_0683,,S11Farm_Box14_78,100,,
SALK_057893C,4,CofC_S11Farm_0684,,,,I11-V01-2,
SALK_058070C,1,CofC_S11Farm_0685,,S11Farm_Box01_69,100,I11-G02-16,
SALK_058085C,1,CofC_S11Farm_0686,,S11Farm_Box03_19,100,I12-G04-20,
SALK_058085C,2,CofC_S11Farm_0687,,S11Farm_Box03_23,100,,
SALK_058100C,1,CofC_S11Farm_0688,,S11Farm_Box02_79,100,I12-L09-9,
SALK_058100C,2,CofC_S11Farm_0689,,S11Farm_Box02_80,100,,
SALK_058170C,1A,CofC_S11Farm_0690,,,,,
SALK_058170C,1B,CofC_S11Farm_0691,,S11Farm_Box13_7,100,I11-V03-3,
SALK_058170C,2A,CofC_S11Farm_0692,,S11Farm_Box12_53,10,,
SALK_058170C,2B,CofC_S11Farm_0693,,S11Farm_Box13_13,>100,I11-G03-29,
SALK_058173C,1,CofC_S11Farm_0694,,S11Farm_Box15_30,90,,two DNA isolations labeled plant #1
SALK_058173C,2A,CofC_S11Farm_0695,,S11Farm_Box08_22,40,I12-W06-27,
SALK_058173C,2B,CofC_S11Farm_0696,,S11Farm_Box15_26,>100,,
SALK_058533C,1,CofC_S11Farm_0697,,S11Farm_Box03_32,100,I12-G03-12,
SALK_058993C,,CofC_S11Farm_0698,,,,,FARM_FAIL
SALK_059119C,1,CofC_S11Farm_0699,,S11Farm_Box10_27,100,,
SALK_059119C,2,CofC_S11Farm_0700,,S11Farm_Box10_28,100,I11-G05-7,
SALK_059205C,1,CofC_S11Farm_0701,,,,I11-V12-2,
SALK_059645C,1,CofC_S11Farm_0702,,S11Farm_Box08_68,3,,
SALK_059645C,2,CofC_S11Farm_0703,,,,I11-V08-2,
SALK_059645C,3,CofC_S11Farm_0704,,S11Farm_Box14_80,1,,
SALK_059737C,1,CofC_S11Farm_0705,,,,,
SALK_059737C,2,CofC_S11Farm_0706,,S11Farm_Box05_64,50,I12-W06-28,
SALK_059799C,,CofC_S11Farm_0707,,,,,FARM_FAIL
SALK_060581C,1A,CofC_S11Farm_0708,,S11Farm_Box03_69,3,,
SALK_060581C,1B,CofC_S11Farm_0709,,S11Farm_Box05_29,130,,tissue in box I
SALK_060581C,2A,CofC_S11Farm_0710,,S11Farm_Box03_81,20,,
SALK_060581C,2B,CofC_S11Farm_0711,,S11Farm_Box05_30,400,,
SALK_060613C,1,CofC_S11Farm_0712,,S11Farm_Box07_80,30,I11-G01-22,
SALK_060871C,1,CofC_S11Farm_0713,,S11Farm_Box04_19,100,I12-L05-5,
SALK_060871C,2,CofC_S11Farm_0714,,S11Farm_Box04_18,>100,,
SALK_061316C,,CofC_S11Farm_0715,,,,,FARM_FAIL
SALK_061326C,1,CofC_S11Farm_0716,,S11Farm_Box12_16,40,,
SALK_061326C,2,CofC_S11Farm_0717,,S11Farm_Box12_14,40,,
SALK_061326C,3,CofC_S11Farm_0718,,,,I11-V02-9,
SALK_061326C,4,CofC_S11Farm_0719,,,,I11-V03-5,
SALK_061326C,1H,CofC_S11Farm_0720,,,,,
SALK_061326C,2H,CofC_S11Farm_0721,,,,I12-K03-5,
SALK_061365C,2,CofC_S11Farm_0722,,,,I11-W03-3,
SALK_061365C,1A,CofC_S11Farm_0723,,S11Farm_Box01_60,50-100,I12-G03-30,
SALK_061365C,1B,CofC_S11Farm_0724,,,,,
SALK_061400C,1A,CofC_S11Farm_0725,,S11Farm_Box10_14,4,,
SALK_061400C,1B,CofC_S11Farm_0726,,S11Farm_Box13_11,>100,I11-G03-27,
SALK_061400C,2A,CofC_S11Farm_0727,,S11Farm_Box10_11,100,,
SALK_061400C,2B,CofC_S11Farm_0728,,S11Farm_Box13_12,>100,,
SALK_061556C,,CofC_S11Farm_0729,,,,,FARM_FAIL
SALK_062058C,1,CofC_S11Farm_0730,,S11Farm_Box03_56,100,I11-W01-2,
SALK_062058C,2,CofC_S11Farm_0731,,S11Farm_Box03_65,100,,
SALK_062327C,1,CofC_S11Farm_0732,,S11Farm_Box05_63,110,I11-G01-13,
SALK_062327C,2A,CofC_S11Farm_0733,,S11Farm_Box05_71,60,,
SALK_062327C,2B,CofC_S11Farm_0734,,,,,
SALK_063135C,1,CofC_S11Farm_0735,,S11Farm_Box13_6,>100,I11-G04-16,
SALK_063135C,2,CofC_S11Farm_0736,,S11Farm_Box13_10,>100,,
SALK_063196C,1,CofC_S11Farm_0737,,S11Farm_Box01_35,17,I11-V06-8,
SALK_063196C,2,CofC_S11Farm_0738,,S11Farm_Box01_30,50,I11-V05-13,
SALK_063585C,1,CofC_S11Farm_0739,,S11Farm_Box05_20,200,I12-K01-10,
SALK_063587C,1,CofC_S11Farm_0740,,S11Farm_Box12_9,100,I11-W02-10,
SALK_063587C,2,CofC_S11Farm_0741,,S11Farm_Box09_81,50,,
SALK_063587C,1H,CofC_S11Farm_0742,,,,,
SALK_063587C,2H,CofC_S11Farm_0743,,,,,
SALK_063593C,1,CofC_S11Farm_0744,,S11Farm_Box10_47,>100,I11-G01-27,
SALK_063593C,2,CofC_S11Farm_0745,,S11Farm_Box10_46,0,,
SALK_063595C,,CofC_S11Farm_0746,,,,,FARM_FAIL
SALK_063950C,2,CofC_S11Farm_0747,,Hanna_Box02_4,12,,
SALK_063950C,1A,CofC_S11Farm_0748,,S11Farm_Box11_11,10,,
SALK_063950C,1B,CofC_S11Farm_0749,,S11Farm_Box04_41,100,I12-W05-21,
SALK_064199C,2,CofC_S11Farm_0750,,S11Farm_Box15_12,50,,
SALK_064199C,3,CofC_S11Farm_0751,,S11Farm_Box15_22,>100,,
SALK_064531C,1,CofC_S11Farm_0752,,S11Farm_Box01_80,>100,I12-G05-6,
SALK_064540C,1,CofC_S11Farm_0753,,,,,
SALK_064540C,2,CofC_S11Farm_0754,,S11Farm_Box07_43,30,I12-W06-7,
SALK_064666C,1,CofC_S11Farm_0755,,S11Farm_Box15_8,4,,
SALK_064666C,2,CofC_S11Farm_0756,,S11Farm_Box15_11,80,I12-G05-28,
SALK_064702C,1,CofC_S11Farm_0757,,S11Farm_Box12_34,>100,I12-G06-22,
SALK_064702C,2,CofC_S11Farm_0758,,,,I12-K03-11,
SALK_064702C,2H,CofC_S11Farm_0759,,,,,
SALK_065004C,1,CofC_S11Farm_0760,,S11Farm_Box01_31,50,,
SALK_065267C,2,CofC_S11Farm_0761,,S11Farm_Box08_19,60,I11-G05-14,
SALK_065267C,3,CofC_S11Farm_0762,,S11Farm_Box14_55,100,,
SALK_065267C,1A,CofC_S11Farm_0763,,S11Farm_Box08_11,50,,
SALK_065267C,1B,CofC_S11Farm_0764,,,,,
SALK_065417C,1,CofC_S11Farm_0765,,Hanna_Box02_14,15,I11-V11-13,
SALK_065885C,1A,CofC_S11Farm_0766,,S11Farm_Box03_5,50,I11-G05-6,
SALK_065885C,1B,CofC_S11Farm_0767,,,,,
SALK_065885C,2A,CofC_S11Farm_0768,,S11Farm_Box03_9,100,,
SALK_065885C,2B,CofC_S11Farm_0769,,S11Farm_Box12_33,15,,
SALK_065924C,1,CofC_S11Farm_0770,,,,I11-G04-22,No seed
SALK_065924C,2,CofC_S11Farm_0771,,S11Farm_Box13_15,100,,no DNA; tissue in box E
SALK_066416C,,CofC_S11Farm_0772,,,,,DNG
SALK_066577C,2,CofC_S11Farm_0773,,S11Farm_Box08_45,100,,
SALK_066577C,4,CofC_S11Farm_0774,,,,I11-L14-14,
SALK_066577C,1A,CofC_S11Farm_0775,,S11Farm_Box08_44,>100,,
SALK_066577C,1B,CofC_S11Farm_0776,,S11Farm_Box05_38,150,,
SALK_066577C,1H,CofC_S11Farm_0777,,,,I12-G06-10,
SALK_066577C,2H,CofC_S11Farm_0778,,Hanna_Box01_14,100,I12-G06-13,
SALK_066577C,,CofC_S11Farm_0779,,CofC_SF05_122,,I12-P10-13,
SALK_066578C,2,CofC_S11Farm_0780,,Hanna_Box02_66,40,,
SALK_066578C,1A,CofC_S11Farm_0781,,S11Farm_Box14_45,100,I12-K06-14,
SALK_066578C,1B,CofC_S11Farm_0782,,S11Farm_Box11_53,70,,
SALK_066578C,2H,CofC_S11Farm_0783,,,,,
SALK_066711C,,CofC_S11Farm_0784,,,,,FARM_FAIL
SALK_066755C,1,CofC_S11Farm_0785,,,,I11-V01-3,no seed
SALK_066755C,2,CofC_S11Farm_0786,,,,I11-V01-4,no seed
SALK_066988C,2,CofC_S11Farm_0787,,S11Farm_Box02_44,100,I11-W01-9,
SALK_066988C,1A,CofC_S11Farm_0788,,S11Farm_Box03_44,100,,
SALK_066988C,1B,CofC_S11Farm_0789,,S11Farm_Box02_38,100,I11-W03-17,
SALK_066988C,1H,CofC_S11Farm_0790,,,,I12-K05-3,
SALK_067430C,2,CofC_S11Farm_0791,,S11Farm_Box10_80,>100,,
SALK_067430C,3,CofC_S11Farm_0792,,,,I12-G06-11,
SALK_067430C,1A,CofC_S11Farm_0793,,S11Farm_Box13_81,20,,
SALK_067430C,1B,CofC_S11Farm_0794,,S11Farm_Box13_16,100,I11-G04-24,
SALK_067430C,2H,CofC_S11Farm_0795,,Hanna_Box02_47,40,,
SALK_067608C,1A,CofC_S11Farm_0796,,S11Farm_Box08_25,75,,
SALK_067608C,1B,CofC_S11Farm_0797,,S11Farm_Box12_17,100,,
SALK_067608C,2A,CofC_S11Farm_0798,,S11Farm_Box08_30,50,I12-W06-15,
SALK_067608C,2B,CofC_S11Farm_0799,,S11Farm_Box12_29,>100,,
SALK_067699C,1,CofC_S11Farm_0800,,S11Farm_Box06_61,170,I12-G02-12,
SALK_067699C,2,CofC_S11Farm_0801,,S11Farm_Box11_33,>100,I11-L14-19,
SALK_067699C,1H,CofC_S11Farm_0802,,Hanna_Box02_36,50,,
SALK_067699C,2H,CofC_S11Farm_0803,,,,,
SALK_067859C,1,CofC_S11Farm_0804,,,,,two tubes of seed labeled #1 - cannot distinguish between them
SALK_067859C,2,CofC_S11Farm_0805,,S11Farm_Box12_57,>100,I12-W05-24,
SALK_067859C,3,CofC_S11Farm_0806,,S11Farm_Box14_50,100,,
SALK_068008C,3,CofC_S11Farm_0807,,,,I11-V04-4,
SALK_068008C,1A,CofC_S11Farm_0808,,S11Farm_Box09_34,100,,
SALK_068008C,1B,CofC_S11Farm_0809,,S11Farm_Box12_78,10,,
SALK_068008C,2A,CofC_S11Farm_0810,,S11Farm_Box09_58,90,,
SALK_068008C,2B,CofC_S11Farm_0811,,,,,
SALK_068456C,1,CofC_S11Farm_0812,,S11Farm_Box11_17,>100,I12-G04-24,
SALK_068499C,1,CofC_S11Farm_0813,,S11Farm_Box15_63,100,I11-V10-5,
SALK_068499C,2,CofC_S11Farm_0814,,S11Farm_Box14_2,100,I11-V10-11,
SALK_069229C,1A,CofC_S11Farm_0815,,S11Farm_Box12_43,25,,
SALK_069229C,1B,CofC_S11Farm_0816,,S11Farm_Box11_32,>100,I12-V02-3,
SALK_069229C,2A,CofC_S11Farm_0817,,S11Farm_Box12_44,60,,
SALK_069229C,2B,CofC_S11Farm_0818,,S11Farm_Box14_11,50,,
SALK_069357C,2,CofC_S11Farm_0819,,S11Farm_Box15_59,50,,"no DNA, but have tissue"
SALK_069357C,1A,CofC_S11Farm_0820,,S11Farm_Box14_1,100,,"no DNA, but have tissue"
SALK_069357C,1B,CofC_S11Farm_0821,,S11Farm_Box11_27,50,,"no DNA, but have tissue"
SALK_069385C,1,CofC_S11Farm_0822,,S11Farm_Box09_53,>100,I11-V09-2,
SALK_069385C,2,CofC_S11Farm_0823,,S11Farm_Box09_64,>100,I11-V09-3,
SALK_069450C,1,CofC_S11Farm_0824,,,,I11-V06-9,
SALK_069450C,3,CofC_S11Farm_0825,,S11Farm_Box14_52,20,,
SALK_069489C,1,CofC_S11Farm_0826,,Hanna_Box03_8,75,,"No DNA, but have tissue"
SALK_070162C,2,CofC_S11Farm_0827,,S11Farm_Box12_59,>100,,
SALK_070162C,1A,CofC_S11Farm_0828,,S11Farm_Box12_67,>>100,I11-G05-1,
SALK_070162C,1B,CofC_S11Farm_0829,,S11Farm_Box15_3,60,,
SALK_070180C,1,CofC_S11Farm_0830,,S11Farm_Box11_35,>100,I11-W03-5,
SALK_070180C,2,CofC_S11Farm_0831,,S11Farm_Box11_31,7,I12-W05-27,
SALK_070506C,1,CofC_S11Farm_0832,,S11Farm_Box13_63,100,I12-G04-7,
SALK_070506C,2,CofC_S11Farm_0833,,S11Farm_Box13_61,100,,
SALK_070506C,4,CofC_S11Farm_0834,,,,I11-L14-21,
SALK_070569C,1,CofC_S11Farm_0835,,S11Farm_Box02_40,100,I12-G03-28,
SALK_070715C,1A,CofC_S11Farm_0836,,S11Farm_Box12_48,75,I12-G06-28,
SALK_070715C,1B,CofC_S11Farm_0837,,,,,
SALK_070920C,1,CofC_S11Farm_0838,,S11Farm_Box14_22,100,I12-K06-11,
SALK_070920C,2,CofC_S11Farm_0839,,S11Farm_Box14_17,50,,
SALK_070975C,,CofC_S11Farm_0840,,,,,FARM_FAIL
SALK_070989C,1,CofC_S11Farm_0841,,S11Farm_Box06_79,120,I12-G02-7,
SALK_070989C,2,CofC_S11Farm_0842,,S11Farm_Box06_81,100,,
SALK_070989C,3,CofC_S11Farm_0843,,Hanna_Box02_61,>100,I12-K05-13,
SALK_071126C,1,CofC_S11Farm_0844,,S11Farm_Box06_3,30,I12-K13-12,
SALK_071328C,,CofC_S11Farm_0845,,,,,FARM_FAIL
SALK_072009C,1,CofC_S11Farm_0846,,S11Farm_Box12_66,>>100,I12-W05-23,
SALK_072009C,2,CofC_S11Farm_0847,,S11Farm_Box12_64,>>100,I11-V09-12,
SALK_072009C,1H,CofC_S11Farm_0848,,,,,
SALK_072009C,2H,CofC_S11Farm_0849,,,,,
SALK_072590C,1,CofC_S11Farm_0850,,S11Farm_Box13_50,100,I12-G04-6,
SALK_072590C,2,CofC_S11Farm_0851,,S11Farm_Box15_64,60,I11-V10-12,
SALK_072590C,3,CofC_S11Farm_0852,,S11Farm_Box15_65,100,,
SALK_072590C,1H,CofC_S11Farm_0853,,Hanna_Box02_80,15,I12-V04-7,
SALK_072624C,1,CofC_S11Farm_0854,,S11Farm_Box01_32,50,,
SALK_072624C,2,CofC_S11Farm_0855,,,,I11-V03-1,
SALK_072624C,4,CofC_S11Farm_0856,,S11Farm_Box14_54,1,,
SALK_072672C,1,CofC_S11Farm_0857,,S11Farm_Box03_77,50,I11-G03-17,
SALK_072672C,2,CofC_S11Farm_0858,,S11Farm_Box05_33,100,,
SALK_072807C,1A,CofC_S11Farm_0859,,S11Farm_Box03_45,100,,
SALK_072807C,1B,CofC_S11Farm_0860,,S11Farm_Box06_22,10,I12-K13-4,
SALK_072850C,1,CofC_S11Farm_0861,,S11Farm_Box09_57,>100,I11-G04-17,
SALK_072850C,2,CofC_S11Farm_0862,,S11Farm_Box09_55,60,,
SALK_072966C,1,CofC_S11Farm_0863,,S11Farm_Box13_24,100,I12-G02-23,
SALK_072966C,2,CofC_S11Farm_0864,,S11Farm_Box13_25,100,,
SALK_073438C,2,CofC_S11Farm_0865,,Hanna_Box01_11,>100,,
SALK_073438C,1A,CofC_S11Farm_0866,,S11Farm_Box01_65,100,I12-G04-2,
SALK_073438C,1B,CofC_S11Farm_0867,,S11Farm_Box01_58,10,,
SALK_073438C,2H,CofC_S11Farm_0868,,Hanna_Box02_79,100,I12-K02-9,
SALK_073483C,1,CofC_S11Farm_0869,,S11Farm_Box01_43,10,I12-W06-21,
SALK_073483C,2,CofC_S11Farm_0870,,S11Farm_Box01_29,15,I12-W06-25,
SALK_074601C,1,CofC_S11Farm_0871,,S11Farm_Box09_67,>100,,
SALK_074601C,1H,CofC_S11Farm_0872,,Hanna_Box02_72,100,,
SALK_074601C,2A,CofC_S11Farm_0873,,S11Farm_Box09_50,>100,,
SALK_074601C,2B,CofC_S11Farm_0874,,,,,
SALK_074601C,2C,CofC_S11Farm_0875,,S11Farm_Box13_76,50,,
SALK_074601C,2H,CofC_S11Farm_0876,,,,,
SALK_075228C,,CofC_S11Farm_0877,,,,,FARM_FAIL
SALK_075261C,1,CofC_S11Farm_0878,,Hanna_Box01_18,20,I11-V07-10,
SALK_075261C,1H,CofC_S11Farm_0879,,Hanna_Box01_59,>100,I12-K04-2,
SALK_075484C,2,CofC_S11Farm_0880,,S11Farm_Box09_28,100,I12-G05-11,
SALK_075484C,1A,CofC_S11Farm_0881,,S11Farm_Box09_27,75,,
SALK_075484C,1B,CofC_S11Farm_0882,,S11Farm_Box01_61,60,,
SALK_076254C,1,CofC_S11Farm_0883,,,,,
SALK_076254C,1H,CofC_S11Farm_0884,,Hanna_Box02_22,90,I11-V12-4,
SALK_076550C,1,CofC_S11Farm_0885,,Hanna_Box03_3,20,I12-K13-22,
SALK_077704C,1,CofC_S11Farm_0886,,,,,
SALK_078782C,1,CofC_S11Farm_0887,,,,,
SALK_078782C,2,CofC_S11Farm_0888,,S11Farm_Box03_14,50,,
SALK_079210C,1,CofC_S11Farm_0889,,,,,two tubes of seed labeled plant #1
SALK_079210C,2,CofC_S11Farm_0890,,Hanna_Box02_48,>100,I12-K04-7,
SALK_079430C,1,CofC_S11Farm_0891,,S11Farm_Box09_71,100,I11-G04-9,
SALK_079430C,2,CofC_S11Farm_0892,,I11-G01-1,I11-G01-1,,
SALK_079430C,1H,CofC_S11Farm_0893,,Hanna_Box02_39,20,,
SALK_079666C,1,CofC_S11Farm_0894,,S11Farm_Box15_68,90,I11-G01-1,
SALK_079666C,2,CofC_S11Farm_0895,,S11Farm_Box13_67,60,,
SALK_079811C,1,CofC_S11Farm_0896,,S11Farm_Box15_70,60,I12-G02-20,
SALK_079811C,2,CofC_S11Farm_0897,,S11Farm_Box05_79,90,,
SALK_079932C,,CofC_S11Farm_0898,,,,,FARM_FAIL
SALK_080024C,1,CofC_S11Farm_0899,,,,I11-V03-7,
SALK_080024C,2,CofC_S11Farm_0900,,S11Farm_Box15_4,15,,
SALK_080169C,1,CofC_S11Farm_0901,,S11Farm_Box02_59,100,I12-W05-12,
SALK_080169C,1H,CofC_S11Farm_0902,,Hanna_Box01_56,>100,I12-V02-28,
SALK_080188C,1,CofC_S11Farm_0903,,S11Farm_Box07_51,100,I11-G03-5,
SALK_080188C,2,CofC_S11Farm_0904,,S11Farm_Box07_77,30,,
SALK_080686C,,CofC_S11Farm_0905,,,,,DNG
SALK_080724C,1,CofC_S11Farm_0906,,,,,
SALK_081047C,,CofC_S11Farm_0907,,,,,DNG
SALK_081069C,,CofC_S11Farm_0908,,,,,FARM_FAIL
SALK_081193C,2,CofC_S11Farm_0909,,S11Farm_Box09_49,>100,I11-G04-20,
SALK_081193C,1A,CofC_S11Farm_0910,,S11Farm_Box09_60,100,,
SALK_081193C,1B,CofC_S11Farm_0911,,S11Farm_Box03_53,100,,
SALK_081337C,1,CofC_S11Farm_0912,,Hanna_Box03_2,100,I12-V04-8,
SALK_081524C,1,CofC_S11Farm_0913,,S11Farm_Box07_68,50,I11-W02-13,
SALK_081531C,1,CofC_S11Farm_0914,,,,,"two seed samples labeled #1, cannot distinguish between them"
SALK_081531C,1,CofC_S11Farm_0915,,,,,"two seed samples labeled #1, cannot distinguish between them"
SALK_081531C,2,CofC_S11Farm_0916,,S11Farm_Box13_56,20,,
SALK_081643C,1,CofC_S11Farm_0917,,S11Farm_Box13_68,100,,
SALK_081643C,2,CofC_S11Farm_0918,,S11Farm_Box13_60,100,,
SALK_081643C,3,CofC_S11Farm_0919,,,,I11-L14-3,
SALK_081860C,1,CofC_S11Farm_0920,,S11Farm_Box11_48,15,,
SALK_081860C,2,CofC_S11Farm_0921,,S11Farm_Box11_47,20,,
SALK_081860C,1H,CofC_S11Farm_0922,,Hanna_Box02_7,100,,
SALK_081927C,1,CofC_S11Farm_0923,,S11Farm_Box11_48,15,I12-W05-25,
SALK_081927C,2,CofC_S11Farm_0924,,S11Farm_Box11_47,20,I11-V11-14,
SALK_081927C,1H,CofC_S11Farm_0925,,Hanna_Box02_7,100,I11-V08-5,
SALK_082160C,2,CofC_S11Farm_0926,,S11Farm_Box11_45,100,I11-G04-27,
SALK_082160C,1A,CofC_S11Farm_0927,,S11Farm_Box11_44,100,,
SALK_082160C,1B,CofC_S11Farm_0928,,,,,
SALK_082258C,1,CofC_S11Farm_0929,,S11Farm_Box11_67,80,,
SALK_082258C,2,CofC_S11Farm_0930,,S11Farm_Box11_52,100,I12-V02-15,
SALK_082408C,1,CofC_S11Farm_0931,,,,,
SALK_082408C,2,CofC_S11Farm_0932,,,,,
SALK_082484C,1A,CofC_S11Farm_0933,,S11Farm_Box15_71,100,I12-G06-23,
SALK_082484C,1B,CofC_S11Farm_0934,,S11Farm_Box06_4,100,,
SALK_082484C,2A,CofC_S11Farm_0935,,S11Farm_Box14_6,100,,
SALK_082484C,2H,CofC_S11Farm_0936,,Hanna_Box01_61,100,,
SALK_082545C,1,CofC_S11Farm_0937,,Hanna_Box01_6,>100,I12-K05-14,
SALK_082546C,1,CofC_S11Farm_0938,,S11Farm_Box03_12,20,,
SALK_082546C,2,CofC_S11Farm_0939,,S11Farm_Box03_16,50,I11-G01-25,
SALK_082546C,1H,CofC_S11Farm_0940,,Hanna_Box01_71,30,I11-V07-9,
SALK_082546C,2H,CofC_S11Farm_0941,,Hanna_Box01_72,75,I11-V08-1,
SALK_082635C,,CofC_S11Farm_0942,,,,,FARM_FAIL
SALK_082685C,,CofC_S11Farm_0943,,,,,DNG
SALK_082690C,1,CofC_S11Farm_0944,,S11Farm_Box08_23,>100,I11-G02-2,
SALK_082690C,2,CofC_S11Farm_0945,,S11Farm_Box08_24,60,,
SALK_082840C,1,CofC_S11Farm_0946,,S11Farm_Box12_20,>100,,
SALK_082840C,2,CofC_S11Farm_0947,,,,,
SALK_082840C,3,CofC_S11Farm_0948,,S11Farm_Box14_56,100,,have tissue for this line
SALK_082840C,1H,CofC_S11Farm_0949,,,,,
SALK_083054C,1,CofC_S11Farm_0950,,,,I12-G03-17,
SALK_083054C,2,CofC_S11Farm_0951,,S11Farm_Box02_66,100,,
SALK_083054C,3,CofC_S11Farm_0952,,S11Farm_Box14_59,10,,
SALK_083054C,4,CofC_S11Farm_0953,,,,I12-V02-9,
SALK_083085C,2,CofC_S11Farm_0954,,Hanna_Box01_21,75,,
SALK_083085C,1A,CofC_S11Farm_0955,,S11Farm_Box01_70,100,I12-G03-2,
SALK_083085C,1B,CofC_S11Farm_0956,,S11Farm_Box12_80,10,,
SALK_083133C,1A,CofC_S11Farm_0957,,S11Farm_Box05_40,140,I12-G02-19,
SALK_083133C,1B,CofC_S11Farm_0958,,S11Farm_Box05_78,80,,
SALK_083133C,2A,CofC_S11Farm_0959,,S11Farm_Box06_1,130,,
SALK_083133C,2B,CofC_S11Farm_0960,,S11Farm_Box11_34,100,I11-W02-12,
SALK_083139C,,CofC_S11Farm_0961,,,,,FARM_FAIL
SALK_083343C,1A,CofC_S11Farm_0962,,S11Farm_Box12_7,>100,,
SALK_083343C,1B,CofC_S11Farm_0963,,S11Farm_Box07_53,100,I11-G05-4,
SALK_083343C,2A,CofC_S11Farm_0964,,S11Farm_Box12_23,>100,,
SALK_083343C,2B,CofC_S11Farm_0965,,S11Farm_Box07_58,100,,
SALK_083600C,2,CofC_S11Farm_0966,,,,I12-G04-8,
SALK_083600C,1A,CofC_S11Farm_0967,,S11Farm_Box13_44,50,,
SALK_083600C,1B,CofC_S11Farm_0968,,S11Farm_Box02_45,100,,
SALK_083600C,1C,CofC_S11Farm_0969,,S11Farm_Box11_29,>100,,
SALK_083613C,1,CofC_S11Farm_0970,,S11Farm_Box11_57,80,,
SALK_083613C,2,CofC_S11Farm_0971,,S11Farm_Box11_43,4,,
SALK_083667C,,CofC_S11Farm_0972,,,,,FARM_FAIL
SALK_083802C,1,CofC_S11Farm_0973,,S11Farm_Box05_54,70,I11-G01-24,
SALK_083802C,2,CofC_S11Farm_0974,,S11Farm_Box06_23,120,I11-V09-14,
SALK_084566C,1A,CofC_S11Farm_0975,,S11Farm_Box04_34,100,,
SALK_084566C,1B,CofC_S11Farm_0976,,S11Farm_Box11_55,100,,
SALK_084566C,2A,CofC_S11Farm_0977,,S11Farm_Box04_33,>100,,
SALK_084566C,2B,CofC_S11Farm_0978,,S11Farm_Box11_62,100,I11-G01-4,
SALK_085087C,1,CofC_S11Farm_0979,,S11Farm_Box11_65,20,,
SALK_085087C,2,CofC_S11Farm_0980,,S11Farm_Box11_61,100,I11-G01-3,
SALK_085456C,2,CofC_S11Farm_0981,,S11Farm_Box05_25,80,I12-K13-15,
SALK_085456C,1A,CofC_S11Farm_0982,,S11Farm_Box08_2,60,I11-V09-9,
SALK_085456C,1B,CofC_S11Farm_0983,,S11Farm_Box03_79,50,,
SALK_085481C,1,CofC_S11Farm_0984,,,,,
SALK_085481C,2,CofC_S11Farm_0985,,S11Farm_Box15_21,60,I12-K05-5,
SALK_085481C,1H,CofC_S11Farm_0986,,Hanna_Box01_24,100,I12-G06-15,
SALK_085482C,1,CofC_S11Farm_0987,,S11Farm_Box11_50,100,,
SALK_085482C,2,CofC_S11Farm_0988,,S11Farm_Box11_37,100,,
SALK_085865C,1,CofC_S11Farm_0989,,S11Farm_Box10_75,40,,
SALK_085865C,1H,CofC_S11Farm_0990,,Hanna_Box02_25,60,,
SALK_085865C,2A,CofC_S11Farm_0991,,S11Farm_Box06_40,80,I11-G03-18,
SALK_085865C,2B,CofC_S11Farm_0992,,S11Farm_Box10_67,60,I11-W03-7,
SALK_085871C,1,CofC_S11Farm_0993,,S11Farm_Box01_33,2,,
SALK_086457C,1,CofC_S11Farm_0994,,,,,
SALK_086457C,2,CofC_S11Farm_0995,,,,,
SALK_086457C,1H,CofC_S11Farm_0996,,Hanna_Box01_76,100,I12-V04-12,
SALK_086642C,1,CofC_S11Farm_0997,,S11Farm_Box04_68,100,,
SALK_086642C,2,CofC_S11Farm_0998,,S11Farm_Box04_47,100,,
SALK_086656C,1A,CofC_S11Farm_0999,,S11Farm_Box03_80,10,,
SALK_086656C,1B,CofC_S11Farm_1000,,S11Farm_Box15_72,40,,
SALK_086656C,2B,CofC_S11Farm_1001,,,,I12-K05-10,"two seed samples labeled #2, cannot distinguish between them"
SALK_086656C,2C,CofC_S11Farm_1002,,,,,"two seed samples labeled #2, cannot distinguish between them"
SALK_086776C,1,CofC_S11Farm_1003,,Hanna_Box02_81,100,I12-G06-4,
SALK_086887C,1,CofC_S11Farm_1004,,S11Farm_Box12_31,>100,,
SALK_086887C,2,CofC_S11Farm_1005,,S11Farm_Box12_28,100,,
SALK_086887C,1H,CofC_S11Farm_1006,,,,,
SALK_086887C,2H,CofC_S11Farm_1007,,,,I12-K03-4,
SALK_086894C,3,CofC_S11Farm_1008,,Hanna_Box01_65,100,I12-K01-14,
SALK_086894C,1A,CofC_S11Farm_1009,,S11Farm_Box04_5,>100,I12-G03-13,
SALK_086894C,1B,CofC_S11Farm_1010,,S11Farm_Box14_18,100,,
SALK_086894C,2A,CofC_S11Farm_1011,,S11Farm_Box01_74,>100,,
SALK_086894C,2B,CofC_S11Farm_1012,,S11Farm_Box14_38,100,,
SALK_087126C,1A,CofC_S11Farm_1013,,S11Farm_Box07_4,50,,
SALK_087126C,1B,CofC_S11Farm_1014,,S11Farm_Box06_33,80,,
SALK_087126C,1H,CofC_S11Farm_1015,,Hanna_Box02_55,>100,I12-G06-2,
SALK_087126C,2A,CofC_S11Farm_1016,,S11Farm_Box12_56,>100,,
SALK_087126C,2B,CofC_S11Farm_1017,,S11Farm_Box15_53,100,,
SALK_087164C,1A,CofC_S11Farm_1018,,S11Farm_Box13_57,50,,
SALK_087164C,1B,CofC_S11Farm_1019,,S11Farm_Box06_53,100,I12-G02-14,
SALK_087164C,2A,CofC_S11Farm_1020,,S11Farm_Box15_51,100,I11-V11-3,
SALK_087164C,2B,CofC_S11Farm_1021,,S11Farm_Box06_49,100,,
SALK_087435C,1A,CofC_S11Farm_1022,,S11Farm_Box08_43,100,,
SALK_087435C,1B,CofC_S11Farm_1023,,S11Farm_Box05_15,40,I12-G05-17,
SALK_087435C,1H,CofC_S11Farm_1024,,,,I12-K03-10,
SALK_087435C,2A,CofC_S11Farm_1025,,S11Farm_Box08_40,25,,
SALK_087435C,2B,CofC_S11Farm_1026,,S11Farm_Box05_9,100,,
SALK_087493C,1,CofC_S11Farm_1027,,,,,
SALK_087519C,1A,CofC_S11Farm_1028,,S11Farm_Box15_56,>100,,
SALK_087519C,1B,CofC_S11Farm_1029,,S11Farm_Box10_59,30,,
SALK_087519C,2A,CofC_S11Farm_1030,,S11Farm_Box15_66,>100,I11-V10-7,
SALK_087519C,2B,CofC_S11Farm_1031,,S11Farm_Box10_60,100,,
SALK_087636C,1,CofC_S11Farm_1032,,S11Farm_Box04_65,100,I11-G02-13,
SALK_087636C,2,CofC_S11Farm_1033,,S11Farm_Box02_37,100,,
SALK_087636C,1A,CofC_S11Farm_1034,,,,,
SALK_087636C,1B,CofC_S11Farm_1035,,S11Farm_Box02_37,100,,
SALK_087720C,1,CofC_S11Farm_1036,,Hanna_Box01_79,8,,
SALK_087720C,2,CofC_S11Farm_1037,,S11Farm_Box11_9,100,I11-G02-13,
SALK_087804C,1,CofC_S11Farm_1038,,Hanna_Box01_9,30,I11-V08-13,
SALK_087836C,2,CofC_S11Farm_1039,,S11Farm_Box07_81,30,,
SALK_087836C,1A,CofC_S11Farm_1040,,S11Farm_Box02_57,50,,
SALK_087836C,1B,CofC_S11Farm_1041,,S11Farm_Box14_13,60,,
SALK_087870C,1,CofC_S11Farm_1042,,S11Farm_Box15_48,>100,I11-V10-9,
SALK_087870C,3,CofC_S11Farm_1043,,,,,
SALK_088114C,2,CofC_S11Farm_1044,,S11Farm_Box12_70,>>100,I11-G05-16,
SALK_088114C,1A,CofC_S11Farm_1045,,S11Farm_Box01_72,>100,I12-K13-19,
SALK_088114C,1B,CofC_S11Farm_1046,,S11Farm_Box12_63,>>100,,
SALK_088114C,1C,CofC_S11Farm_1047,,S11Farm_Box11_73,50,,
SALK_088140C,1,CofC_S11Farm_1048,,,,,
SALK_088140C,2,CofC_S11Farm_1049,,S11Farm_Box10_74,90,I11-G03-23,
SALK_088140C,3,CofC_S11Farm_1050,,,,I11-V06-4,
SALK_088253C,1A,CofC_S11Farm_1051,,S11Farm_Box14_5,30,,
SALK_088253C,1B,CofC_S11Farm_1052,,S11Farm_Box13_59,100,,
SALK_088253C,2A,CofC_S11Farm_1053,,S11Farm_Box14_7,100,I11-G02-10,
SALK_088253C,2B,CofC_S11Farm_1054,,S11Farm_Box12_79,100,,
SALK_088429C,2,CofC_S11Farm_1055,,S11Farm_Box06_42,80,,two DNA isolations labeled plant #2
SALK_088429C,1A,CofC_S11Farm_1056,,S11Farm_Box13_59,100,I11-W01-7,
SALK_088429C,1B,CofC_S11Farm_1057,,S11Farm_Box06_37,100,,
SALK_088551C,1,CofC_S11Farm_1058,,Hanna_Box01_60,>100,I12-V04-13,
SALK_088786C,,CofC_S11Farm_1059,,,,,FARM_FAIL
SALK_088888C,2,CofC_S11Farm_1060,,S11Farm_Box12_38,80,I11-V04-8,
SALK_088888C,1A,CofC_S11Farm_1061,,,,,Tissue and seed samples labeled the same
SALK_088888C,1B,CofC_S11Farm_1062,,,,,Tissue and seed samples labeled the same
SALK_089300C,2,CofC_S11Farm_1063,,S11Farm_Box07_70,50,I11-G05-23,
SALK_089300C,1A,CofC_S11Farm_1064,,S11Farm_Box01_81,>100,,
SALK_089300C,1B,CofC_S11Farm_1065,,S11Farm_Box06_66,120,,
SALK_089300C,1C,CofC_S11Farm_1066,,S11Farm_Box07_75,40,,
SALK_089300C,2H,CofC_S11Farm_1067,,Hanna_Box01_20,>100,,
SALK_089785C,1A,CofC_S11Farm_1068,,S11Farm_Box12_40,50,I12-G04-18,
SALK_089785C,1B,CofC_S11Farm_1069,,,,,
SALK_089785C,2A,CofC_S11Farm_1070,,S11Farm_Box12_39,100,,
SALK_089785C,2B,CofC_S11Farm_1071,,,,,
SALK_089798C,1,CofC_S11Farm_1072,,S11Farm_Box10_76,40,,
SALK_089798C,2,CofC_S11Farm_1073,,S11Farm_Box10_71,50,I11-G03-28,
SALK_089917C,3,CofC_S11Farm_1074,,,,I11-L14-29,
SALK_089917C,1A,CofC_S11Farm_1075,,S11Farm_Box15_67,60,,
SALK_089917C,1B,CofC_S11Farm_1076,,S11Farm_Box13_72,70,I11-V10-13,
SALK_089917C,2A,CofC_S11Farm_1077,,S11Farm_Box07_5,20,I11-G04-6,
SALK_089917C,2B,CofC_S11Farm_1078,,S11Farm_Box13_52,100,,
SALK_089992C,,CofC_S11Farm_1079,,,,,DNG
SALK_090239C,1,CofC_S11Farm_1080,,S11Farm_Box13_42,100,I11-W03-19,
SALK_090239C,1H,CofC_S11Farm_1081,,Hanna_Box02_35,100,I11-V12-14,
SALK_090508C,1,CofC_S11Farm_1082,,S11Farm_Box12_55,>100,,
SALK_090508C,2,CofC_S11Farm_1083,,S11Farm_Box05_55,130,I12-G05-24,
SALK_090909C,,CofC_S11Farm_1084,,,,,DNG
SALK_090939C,,CofC_S11Farm_1085,,,,,FARM_FAIL
SALK_091066C,1A,CofC_S11Farm_1086,,S11Farm_Box13_28,100,,
SALK_091066C,1B,CofC_S11Farm_1087,,S11Farm_Box07_52,100,,
SALK_091066C,2A,CofC_S11Farm_1088,,S11Farm_Box13_33,100,,
SALK_091066C,2B,CofC_S11Farm_1089,,S11Farm_Box07_78,100,I11-W02-14,
SALK_091133C,1A,CofC_S11Farm_1090,,S11Farm_Box13_69,50,,
SALK_091133C,1B,CofC_S11Farm_1091,,,,,
SALK_091133C,2A,CofC_S11Farm_1092,,S11Farm_Box13_74,50,,
SALK_091133C,2B,CofC_S11Farm_1093,,S11Farm_Box07_79,100,I11-G03-30,
SALK_091532C,1,CofC_S11Farm_1094,,S11Farm_Box07_73,30,,
SALK_091532C,2,CofC_S11Farm_1095,,,,I12-G06-21,
SALK_091532C,2A,CofC_S11Farm_1096,,S11Farm_Box05_31,120,,
SALK_091532C,2B,CofC_S11Farm_1097,,S11Farm_Box07_59,100,I11-G04-11,
SALK_091887C,1,CofC_S11Farm_1098,,S11Farm_Box05_65,100,I11-G03-2,
SALK_091887C,1H,CofC_S11Farm_1099,,Hanna_Box02_67,100,I12-V04-9,
SALK_092097C,1,CofC_S11Farm_1100,,S11Farm_Box09_70,100,,
SALK_092097C,2,CofC_S11Farm_1101,,S11Farm_Box09_52,75,I11-G04-4,
SALK_092654C,2,CofC_S11Farm_1102,,,,I12-K06-2,
SALK_092654C,3,CofC_S11Farm_1103,,,,I11-V04-1,
SALK_092654C,1A,CofC_S11Farm_1104,,S11Farm_Box13_27,60,I11-V13-1,
SALK_092654C,1B,CofC_S11Farm_1105,,S11Farm_Box06_68,20,,
SALK_092654C,2A,CofC_S11Farm_1106,,S11Farm_Box13_32,100,,
SALK_092654C,2B,CofC_S11Farm_1107,,,,,
SALK_092758C,1,CofC_S11Farm_1108,,Hanna_Box01_33,>100,I12-V04-2,
SALK_092897C,1,CofC_S11Farm_1109,,S11Farm_Box05_46,80,I11-L14-23,
SALK_092897C,1H,CofC_S11Farm_1110,,,,,
SALK_092897C,2A,CofC_S11Farm_1111,,S11Farm_Box10_10,10,,
SALK_092897C,2B,CofC_S11Farm_1112,,S11Farm_Box13_53,60,I12-G06-19,
SALK_093023C,1,CofC_S11Farm_1113,,,,I11-V04-3,
SALK_093360C,1,CofC_S11Farm_1114,,S11Farm_Box02_43,20,,
SALK_093360C,2,CofC_S11Farm_1115,,S11Farm_Box07_72,50,,
SALK_093360C,1A,CofC_S11Farm_1116,,S11Farm_Box07_60,100,I11-G02-26,
SALK_093390C,1,CofC_S11Farm_1117,,S11Farm_Box05_67,100,I11-G03-9,
SALK_093390C,2,CofC_S11Farm_1118,,Hanna_Box02_56,>100,I12-K02-7,
SALK_093390C,1H,CofC_S11Farm_1119,,Hanna_Box03_4,>100,,
SALK_093499C,1A,CofC_S11Farm_1120,,S11Farm_Box08_31,40,,
SALK_093499C,1B,CofC_S11Farm_1121,,S11Farm_Box13_62,100,I12-G04-10,
SALK_093499C,1C,CofC_S11Farm_1122,,S11Farm_Box05_76,100,,
SALK_093499C,1H,CofC_S11Farm_1123,,,,I12-V03-2,
SALK_093499C,2A,CofC_S11Farm_1124,,S11Farm_Box08_32,40,,
SALK_093499C,2B,CofC_S11Farm_1125,,S11Farm_Box14_10,100,I11-V10-2,
SALK_093876C,1,CofC_S11Farm_1126,,S11Farm_Box14_31,80,I12-K05-11,
SALK_093876C,2,CofC_S11Farm_1127,,S11Farm_Box14_14,30,,
SALK_093946C,1,CofC_S11Farm_1128,,S11Farm_Box07_57,80,I11-V11-15,
SALK_093946C,2,CofC_S11Farm_1129,,,,I11-G04-1,
SALK_093946C,1H,CofC_S11Farm_1130,,Hanna_Box02_16,30,,
SALK_093993C,1,CofC_S11Farm_1131,,S11Farm_Box05_34,150,I12-G03-27,
SALK_093993C,1H,CofC_S11Farm_1132,,Hanna_Box01_23,50,I12-K03-7,
SALK_093993C,2A,CofC_S11Farm_1133,,S11Farm_Box03_76,100,,
SALK_093993C,2B,CofC_S11Farm_1134,,S11Farm_Box12_47,20,I11-V13-9,
SALK_094246C,,CofC_S11Farm_1135,,,,,FARM_FAIL
SALK_094400C,,CofC_S11Farm_1136,,,,,FARM_FAIL
SALK_094496C,,CofC_S11Farm_1137,,,,,FARM_FAIL
SALK_094623C,1,CofC_S11Farm_1138,,S11Farm_Box13_54,50,,
SALK_094623C,4,CofC_S11Farm_1139,,S11_BoxH_65,50,I11-L14-20,
SALK_094623C,2A,CofC_S11Farm_1140,,S11Farm_Box15_47,60,,
SALK_094623C,2B,CofC_S11Farm_1141,,S11Farm_Box07_74,50,I11-G04-18,
SALK_094844C,2,CofC_S11Farm_1142,,S11Farm_Box06_60,110,,
SALK_094844C,3,CofC_S11Farm_1143,,,,I11-V11-1,two tubes of seed labeled #3 both in Hanna's box
SALK_094844C,4,CofC_S11Farm_1144,,Hanna_Box01_44,>100,I11-V07-4,
SALK_094844C,1A,CofC_S11Farm_1145,,S11Farm_Box12_60,>100,,
SALK_094844C,1B,CofC_S11Farm_1146,,S11Farm_Box06_41,100,,
SALK_094844C,1H,CofC_S11Farm_1147,,Hanna_Box01_35,50,,
SALK_094844C,3H,CofC_S11Farm_1148,,,,I12-K03-15,two tubes of seed labeled #3 both in Hanna's box
SALK_094864C,1,CofC_S11Farm_1149,,CofC_SF05_36,,I12-P05-7,
SALK_094864C,2,CofC_S11Farm_1150,,S11Farm_Box06_54,30,,
SALK_094864C,1A,CofC_S11Farm_1151,,S11Farm_Box01_71,100,,
SALK_094864C,1B,CofC_S11Farm_1152,,S11Farm_Box05_72,90,,
SALK_094864C,2H,CofC_S11Farm_1153,,Hanna_Box01_13,>100,I12-K02-1,
SALK_094988C,1,CofC_S11Farm_1154,,Hanna_Box02_57,>100,I12-V04-4,
SALK_094988C,2,CofC_S11Farm_1155,,Hanna_Box02_53,>100,,
SALK_094988C,3,CofC_S11Farm_1156,,S11Farm_Box14_57,100,,
SALK_094988C,4,CofC_S11Farm_1157,,Hanna_Box02_51,100,,
SALK_095092C,1,CofC_S11Farm_1158,,S11Farm_Box02_35,80,I12-W05-9,
SALK_095299C,1A,CofC_S11Farm_1159,,S11Farm_Box05_10,150,I12-G02-29,
SALK_095299C,1B,CofC_S11Farm_1160,,S11Farm_Box11_51,100,,
SALK_095299C,2A,CofC_S11Farm_1161,,S11Farm_Box05_11,80,,
SALK_095299C,2B,CofC_S11Farm_1162,,S11Farm_Box11_49,100,,
SALK_095484C,1,CofC_S11Farm_1163,,S11Farm_Box07_38,100,,
SALK_095484C,2,CofC_S11Farm_1164,,S11Farm_Box07_31,100,I11-G03-6,
SALK_095643C,1,CofC_S11Farm_1165,,,,,
SALK_095643C,2,CofC_S11Farm_1166,,,,I11-W04-4,
SALK_095643C,1A,CofC_S11Farm_1167,,,,,
SALK_095643C,1B,CofC_S11Farm_1168,,,,,
SALK_095643C,2H,CofC_S11Farm_1169,,,,,
SALK_095775C,1A,CofC_S11Farm_1170,,S11Farm_Box08_71,100,I11-G02-17,
SALK_095775C,1B,CofC_S11Farm_1171,,,,,
SALK_095775C,2A,CofC_S11Farm_1172,,,,,
SALK_095775C,2B,CofC_S11Farm_1173,,S11Farm_Box09_40,75,,
SALK_096606C,1,CofC_S11Farm_1174,,S11Farm_Box07_56,100,I11-G05-20,
SALK_096810C,1,CofC_S11Farm_1175,,S11Farm_Box02_74,100,I12-L08-8,
SALK_096810C,2,CofC_S11Farm_1176,,Hanna_Box01_41,90,,
SALK_096810C,1H,CofC_S11Farm_1177,,Hanna_Box02_76,>100,I12-G06-5,
SALK_097435C,1A,CofC_S11Farm_1178,,S11Farm_Box05_73,5,,
SALK_097435C,1B,CofC_S11Farm_1179,,S11Farm_Box06_76,150,,
SALK_097435C,2A,CofC_S11Farm_1180,,S11Farm_Box03_72,20,I11-G05-22,
SALK_097435C,2B,CofC_S11Farm_1181,,,,,
SALK_098016C,,CofC_S11Farm_1182,,,,,FARM_FAIL
SALK_098383C,2,CofC_S11Farm_1183,,S11Farm_Box10_66,>100,I11-G01-19,
SALK_098383C,3,CofC_S11Farm_1184,,S11Farm_Box14_71,20,,
SALK_098383C,4,CofC_S11Farm_1185,,S11Farm_Box14_73,3,,
SALK_098383C,1A,CofC_S11Farm_1186,,S11Farm_Box01_40,50,,
SALK_098383C,1B,CofC_S11Farm_1187,,,,,
SALK_098505C,2,CofC_S11Farm_1188,,S11Farm_Box10_56,100,I11-G04-30,
SALK_098505C,1A,CofC_S11Farm_1189,,S11Farm_Box15_55,>100,I11-V10-15,
SALK_098505C,1B,CofC_S11Farm_1190,,S11Farm_Box10_55,>100,,
SALK_098531C,1A,CofC_S11Farm_1191,,S11Farm_Box11_3,100,I11-G05-15,
SALK_098531C,1B,CofC_S11Farm_1192,,,,,
SALK_098531C,2A,CofC_S11Farm_1193,,S11Farm_Box11_2,50,,
SALK_098531C,2B,CofC_S11Farm_1194,,,,,
SALK_098702C,1,CofC_S11Farm_1195,,,,I12-G05-20,
SALK_098702C,2,CofC_S11Farm_1196,,S11Farm_Box09_21,100,I11-V11-2,
SALK_098706C,1,CofC_S11Farm_1197,,Hanna_Box02_63,35,,tissue in box K
SALK_098706C,2,CofC_S11Farm_1198,,S11Farm_Box10_73,100,,
SALK_098909C,,CofC_S11Farm_1199,,,,,FARM_FAIL
SALK_099356C,1,CofC_S11Farm_1200,,,,,
SALK_099356C,2,CofC_S11Farm_1201,,S11Farm_Box06_2,2,,
SALK_099356C,1A,CofC_S11Farm_1202,,S11Farm_Box15_10,15,,
SALK_099356C,1B,CofC_S11Farm_1203,,S11Farm_Box06_62,20,I12-W06-23,
SALK_099462C,1A,CofC_S11Farm_1204,,,,,
SALK_099462C,1B,CofC_S11Farm_1205,,S11Farm_Box13_29,100,,
SALK_099462C,2A,CofC_S11Farm_1206,,S11Farm_Box01_76,>100,I12-G06-30,
SALK_099462C,2B,CofC_S11Farm_1207,,S11Farm_Box13_30,50,,
SALK_099500C,1A,CofC_S11Farm_1208,,S11Farm_Box09_78,30,,
SALK_099500C,1B,CofC_S11Farm_1209,,S11Farm_Box13_64,100,I12-W05-6,
SALK_099500C,2A,CofC_S11Farm_1210,,S11Farm_Box09_77,10,,
SALK_099500C,2B,CofC_S11Farm_1211,,S11Farm_Box13_58,90,,
SALK_099843C,2,CofC_S11Farm_1212,,S11Farm_Box07_32,80,,
SALK_099843C,1A,CofC_S11Farm_1213,,,,,
SALK_099843C,1B,CofC_S11Farm_1214,,S11Farm_Box12_46,100,I12-G04-3,
SALK_099843C,1C,CofC_S11Farm_1215,,S11Farm_Box11_74,30,,
SALK_099843C,1D,CofC_S11Farm_1216,,S11Farm_Box07_55,50,I12-K01-5,
SALK_099847C,2,CofC_S11Farm_1217,,,,I11-V02-2,
SALK_099847C,1A,CofC_S11Farm_1218,,,,I12-G03-20,
SALK_099847C,1B,CofC_S11Farm_1219,,S11Farm_Box07_20,30,I11-W03-9,
SALK_100047C,2,CofC_S11Farm_1220,,S11Farm_Box07_33,100,,
SALK_100047C,1A,CofC_S11Farm_1221,,S11Farm_Box07_39,100,,
SALK_100047C,1B,CofC_S11Farm_1222,,S11Farm_Box10_2,,I12-W05-19,
SALK_100047C,2H,CofC_S11Farm_1223,,Hanna_Box02_26,50,,
SALK_100993C,1B,CofC_S11Farm_1224,,S11Farm_Box07_37,100,,
SALK_100993C,2A,CofC_S11Farm_1225,,S11Farm_Box07_35,40,I11-V13-6,
SALK_100993C,2B,CofC_S11Farm_1226,,,,,
SALK_101082C,1,CofC_S11Farm_1227,,Hanna_Box01_80,>100,I12-V04-11,
SALK_101474C,1A,CofC_S11Farm_1228,,S11Farm_Box07_2,100,I11-G02-29,
SALK_101474C,1B,CofC_S11Farm_1229,,,,,
SALK_101474C,1H,CofC_S11Farm_1230,,,,,
SALK_101474C,2A,CofC_S11Farm_1231,,S11Farm_Box14_47,50,,
SALK_101474C,2B,CofC_S11Farm_1232,,S11Farm_Box12_73,>100,,
SALK_101542C,2,CofC_S11Farm_1233,,S11Farm_Box04_14,100,,
SALK_101542C,1A,CofC_S11Farm_1234,,S11Farm_Box02_55,100,I12-G02-27,
SALK_101542C,1B,CofC_S11Farm_1235,,S11Farm_Box04_36,>100,,
SALK_101543C,1,CofC_S11Farm_1236,,S11Farm_Box06_67,50,,
SALK_101697C,1,CofC_S11Farm_1237,,S11Farm_Box11_56,100,I12-V02-23,
SALK_101697C,2,CofC_S11Farm_1238,,S11Farm_Box11_60,50,,
SALK_101697C,1H,CofC_S11Farm_1239,,Hanna_Box01_19,>100,I12-V03-5,
SALK_101874C,1,CofC_S11Farm_1240,,S11Farm_Box06_58,50,I12-G04-19,
SALK_101874C,2,CofC_S11Farm_1241,,S11Farm_Box06_59,120,I12-K13-13,
SALK_101874C,1H,CofC_S11Farm_1242,,Hanna_Box02_9,5,,
SALK_101961C,,CofC_S11Farm_1243,,,,,DNG
SALK_102160C,1,CofC_S11Farm_1244,,S11Farm_Box01_77,50,,tissue in box K
SALK_102383C,1,CofC_S11Farm_1245,,,,,
SALK_102383C,2,CofC_S11Farm_1246,,S11Farm_Box07_17,100,I11-G01-11,
SALK_102383C,3,CofC_S11Farm_1247,,,,,
SALK_102422C,1,CofC_S11Farm_1248,,Hanna_Box01_32,>100,I12-K04-13,
SALK_102754C,1A,CofC_S11Farm_1249,,S11Farm_Box09_43,>100,,
SALK_102754C,1B,CofC_S11Farm_1250,,S11Farm_Box01_27,7,,
SALK_102754C,1C,CofC_S11Farm_1251,,S11Farm_Box02_34,80,I12-K13-21,
SALK_102754C,2A,CofC_S11Farm_1252,,S11Farm_Box09_46,>100,,
SALK_102754C,2B,CofC_S11Farm_1253,,S11Farm_Box01_39,10,,
SALK_102821C,1,CofC_S11Farm_1254,,S11Farm_Box13_40,100,I12-G04-14,
SALK_102934C,1,CofC_S11Farm_1255,,S11Farm_Box09_41,>100,I12-G05-9,
SALK_102934C,2,CofC_S11Farm_1256,,S11Farm_Box09_42,>100,,
SALK_102934C,1H,CofC_S11Farm_1257,,Hanna_Box01_75,60,I12-K03-12,
SALK_103127C,1,CofC_S11Farm_1258,,,,,no seed or DNA
SALK_103127C,2,CofC_S11Farm_1259,,,,,no seed or DNA
SALK_103345C,1,CofC_S11Farm_1260,,S11Farm_Box07_21,100,I11-G04-3,
SALK_103345C,1H,CofC_S11Farm_1261,,,,I12-K01-8,
SALK_103345C,2A,CofC_S11Farm_1262,,,,,
SALK_103345C,2B,CofC_S11Farm_1263,,,,,
SALK_103345C,2H,CofC_S11Farm_1264,,,,,
SALK_103724C,1A,CofC_S11Farm_1265,,S11Farm_Box08_27,3,,
SALK_103724C,1B,CofC_S11Farm_1266,,S11Farm_Box01_66,50,,
SALK_103724C,1H,CofC_S11Farm_1267,,Hanna_Box02_34,100,,
SALK_103724C,2A,CofC_S11Farm_1268,,S11Farm_Box08_28,60,,
SALK_103724C,2B,CofC_S11Farm_1269,,S11Farm_Box01_67,>100,I12-G03-15,
SALK_103724C,2H,CofC_S11Farm_1270,,Hanna_Box03_12,50,,
SALK_104042C,1A,CofC_S11Farm_1271,,S11Farm_Box09_24,20,,
SALK_104042C,1B,CofC_S11Farm_1272,,,,,
SALK_104042C,1H,CofC_S11Farm_1273,,,,,
SALK_104042C,2A,CofC_S11Farm_1274,,S11Farm_Box09_23,100,,tissue in box D
SALK_104042C,2B,CofC_S11Farm_1275,,S11Farm_Box07_7,20,,
SALK_104164C,3,CofC_S11Farm_1276,,Hanna_Box01_42,100,I12-K04-8,
SALK_104164C,1A,CofC_S11Farm_1277,,S11Farm_Box01_28,10,,
SALK_104164C,1B,CofC_S11Farm_1278,,S11Farm_Box14_28,10,,
SALK_104164C,1H,CofC_S11Farm_1279,,,,,
SALK_104164C,2A,CofC_S11Farm_1280,,S11Farm_Box07_19,50,,
SALK_104164C,2B,CofC_S11Farm_1281,,S11Farm_Box14_34,20,,
SALK_104404C,1,CofC_S11Farm_1282,,S11Farm_Box11_21,100,I12-G02-1,
SALK_104404C,2,CofC_S11Farm_1283,,S11Farm_Box11_25,100,,
SALK_104454C,2,CofC_S11Farm_1284,,S11Farm_Box09_19,>100,,
SALK_104454C,3,CofC_S11Farm_1285,,Hanna_Box01_70,>100,I12-K04-3,
SALK_104454C,4,CofC_S11Farm_1286,,S11Farm_BoxF_10,70,I11-L14-2,
SALK_104454C,1A,CofC_S11Farm_1287,,S11Farm_Box09_20,60,,
SALK_104454C,1B,CofC_S11Farm_1288,,,,,
SALK_104586C,,CofC_S11Farm_1289,,,,,DNG
SALK_104622C,1,CofC_S11Farm_1290,,S11Farm_Box04_81,80,I12-W05-28,
SALK_104622C,2,CofC_S11Farm_1291,,S11Farm_Box04_66,50,,
SALK_104701C,2,CofC_S11Farm_1292,,S11Farm_Box03_54,100,,
SALK_104701C,1A,CofC_S11Farm_1293,,S11Farm_Box03_49,100,,
SALK_104701C,1B,CofC_S11Farm_1294,,S11Farm_Box06_72,100,I12-K01-9,
SALK_104701C,1H,CofC_S11Farm_1295,,,,,
SALK_105816C,1A,CofC_S11Farm_1296,,S11Farm_Box09_39,80,,
SALK_105816C,1B,CofC_S11Farm_1297,,S11Farm_Box09_74,>100,,
SALK_105816C,2A,CofC_S11Farm_1298,,S11Farm_Box09_38,100,,
SALK_105816C,2B,CofC_S11Farm_1299,,S11Farm_Box12_36,>100,,
SALK_105816C,2H,CofC_S11Farm_1300,,Hanna_Box02_41,50,I11-W02-8,
SALK_105816C,3H,CofC_S11Farm_1301,,Hanna_Box01_62,7,I11-V08-10,
SALK_105880C,1,CofC_S11Farm_1302,,S11Farm_Box06_65,20,,
SALK_105880C,2,CofC_S11Farm_1303,,Hanna_Box02_24,100,,
SALK_105880C,1H,CofC_S11Farm_1304,,Hanna_Box02_6,>100,I12-K03-8,
SALK_105953C,2,CofC_S11Farm_1305,,S11Farm_Box12_26,30,I11-V02-1,
SALK_105953C,4,CofC_S11Farm_1306,,,,I11-V03-2,
SALK_105953C,1A,CofC_S11Farm_1307,,S11Farm_Box07_18,50,I11-G01-12,
SALK_105953C,1B,CofC_S11Farm_1308,,S11Farm_Box12_30,90,,
SALK_105953C,1H,CofC_S11Farm_1309,,,,,
SALK_105953C,2H,CofC_S11Farm_1310,,,,,
SALK_106046C,1,CofC_S11Farm_1311,,S11Farm_Box14_42,100,I11-G05-28,
SALK_106046C,2,CofC_S11Farm_1312,,S11Farm_Box07_1,20,,
SALK_106258C,1,CofC_S11Farm_1313,,S11Farm_Box04_77,50,,Two DNA isolations both labeled #2
SALK_106258C,2,CofC_S11Farm_1314,,S11Farm_Box11_4,20,,
SALK_106364C,1,CofC_S11Farm_1315,,S11Farm_Box15_40,>100,I12-K05-7,
SALK_106364C,1H,CofC_S11Farm_1316,,,,,
SALK_106364C,2A,CofC_S11Farm_1317,,S11Farm_Box15_24,>100,,
SALK_106364C,2B,CofC_S11Farm_1318,,S11Farm_Box06_46,50,,
SALK_106466C,1,CofC_S11Farm_1319,,S11Farm_Box15_39,>>100,I12-K06-15,
SALK_106466C,2A,CofC_S11Farm_1320,,S11Farm_Box15_38,>100,,
SALK_106466C,2B,CofC_S11Farm_1321,,,,,
SALK_106920C,3,CofC_S11Farm_1322,,,,I11-L14-1,
SALK_106920C,4,CofC_S11Farm_1323,,Hanna_Box02_49,>100,I12-G06-14,
SALK_106920C,1A,CofC_S11Farm_1324,,S11Farm_Box08_46,>100,,
SALK_106920C,1B,CofC_S11Farm_1325,,,,,
SALK_106920C,1C,CofC_S11Farm_1326,,S11Farm_Box09_18,100,,
SALK_106920C,1H,CofC_S11Farm_1327,,,,I12-K02-8,
SALK_106920C,2A,CofC_S11Farm_1328,,S11Farm_Box08_35,50,,
SALK_106920C,2B,CofC_S11Farm_1329,,S11Farm_Box11_28,>100,I12-V02-18,
SALK_106983C,2,CofC_S11Farm_1330,,S11Farm_Box04_76,100,,
SALK_106983C,1A,CofC_S11Farm_1331,,S11Farm_Box04_52,100,6/6/2016,
SALK_106983C,1B,CofC_S11Farm_1332,,S11Farm_Box06_11,40,9/28/2015,
SALK_106983C,1H,CofC_S11Farm_1333,,,,,
SALK_107620C,1A,CofC_S11Farm_1334,,S11Farm_Box06_43,120,,
SALK_107620C,1B,CofC_S11Farm_1335,,S11Farm_Box10_4,100,,
SALK_107620C,2A,CofC_S11Farm_1336,,S11Farm_Box06_30,180,I12-G02-5,
SALK_107620C,2B,CofC_S11Farm_1337,,S11Farm_Box06_69,10,,
SALK_107689C,2,CofC_S11Farm_1338,,,,I11-V03-10,
SALK_107712C,1A,CofC_S11Farm_1339,,,,,
SALK_107712C,1B,CofC_S11Farm_1340,,S11Farm_Box13_70,50,I12-K04-10,
SALK_107712C,1H,CofC_S11Farm_1341,,,,,
SALK_107712C,2A,CofC_S11Farm_1342,,S11Farm_Box07_3,50,,
SALK_107712C,2B,CofC_S11Farm_1343,,S11Farm_Box12_18,90,,
SALK_107712C,2H,CofC_S11Farm_1344,,,,I12-K05-4,
SALK_107750C,2,CofC_S11Farm_1345,,,,,
SALK_107750C,1A,CofC_S11Farm_1346,,S11Farm_Box13_55,70,,
SALK_107750C,1B,CofC_S11Farm_1347,,,,,
SALK_107750C,1C,CofC_S11Farm_1348,,S11Farm_Box11_59,100,,
SALK_107750C,2B,CofC_S11Farm_1349,,S11Farm_Box14_3,100,,
SALK_107750C,2H,CofC_S11Farm_1350,,Hanna_Box02_60,60,,
SALK_107968C,1,CofC_S11Farm_1351,,S11Farm_Box13_45,50,,
SALK_107968C,2,CofC_S11Farm_1352,,S11Farm_Box13_46,100,I12-G02-3,
SALK_107968C,1H,CofC_S11Farm_1353,,Hanna_Box03_7,>100,,
SALK_108185C,1A,CofC_S11Farm_1354,,S11Farm_Box09_30,100,I11-G03-4,
SALK_108185C,1B,CofC_S11Farm_1355,,S11Farm_Box15_54,50,,
SALK_108185C,2A,CofC_S11Farm_1356,,S11Farm_Box09_29,100,,
SALK_108185C,2B,CofC_S11Farm_1357,,,,,
SALK_108447C,,CofC_S11Farm_1358,,,,,FARM_FAIL
SALK_108620C,1,CofC_S11Farm_1359,,S11Farm_Box09_26,>100,I11-G05-12,
SALK_108620C,2,CofC_S11Farm_1360,,S11Farm_Box09_25,75,,
SALK_108622C,2,CofC_S11Farm_1361,,S11Farm_Box15_25,15,,
SALK_108622C,1A,CofC_S11Farm_1362,,S11Farm_Box13_34,100,I12-G05-29,
SALK_108622C,1B,CofC_S11Farm_1363,,S11Farm_Box15_29,12,,
SALK_110440C,1,CofC_S11Farm_1364,,S11Farm_Box04_74,20,,
SALK_110440C,2,CofC_S11Farm_1365,,S11Farm_Box04_55,50,I11-G01-21,
SALK_110563C,1A,CofC_S11Farm_1366,,S11Farm_Box04_56,100,,
SALK_110563C,1B,CofC_S11Farm_1367,,S11Farm_Box06_50,80,,
SALK_110563C,2A,CofC_S11Farm_1368,,S11Farm_Box04_51,70,,
SALK_110563C,2B,CofC_S11Farm_1369,,S11Farm_Box06_48,100,I12-G02-21,
SALK_110563C,2H,CofC_S11Farm_1370,,,,,
SALK_110587C,1,CofC_S11Farm_1371,,S11Farm_Box09_33,>100,I11-V04-7,
SALK_110587C,2,CofC_S11Farm_1372,,S11Farm_Box09_32,40,I11-V09-11,
SALK_110691C,1,CofC_S11Farm_1373,,,,I12-L10-10,
SALK_110691C,1H,CofC_S11Farm_1374,,Hanna_Box03_11,100,I12-G06-8,
SALK_110809C,2,CofC_S11Farm_1375,,S11Farm_Box12_25,3,,
SALK_110809C,2H,CofC_S11Farm_1376,,,,,
SALK_110830C,1A,CofC_S11Farm_1377,,S11Farm_Box15_28,>100,I12-K06-10,
SALK_110830C,1B,CofC_S11Farm_1378,,S11Farm_Box15_33,50,I11-V13-8,
SALK_110830C,2A,CofC_S11Farm_1379,,S11Farm_Box14_41,20,,
SALK_110830C,2B,CofC_S11Farm_1380,,S11Farm_Box15_36,50,,
SALK_111046C,,CofC_S11Farm_1381,,,,,FARM_FAIL
SALK_111105C,,CofC_S11Farm_1382,,,,,DNG
SALK_111501C,1,CofC_S11Farm_1383,,Hanna_Box01_16,>100,I12-K04-4,
SALK_111675C,1,CofC_S11Farm_1384,,,,,
SALK_111675C,2,CofC_S11Farm_1385,,S11Farm_Box13_47,100,I12-G05-26,
SALK_111675C,1H,CofC_S11Farm_1386,,Hanna_Box01_48,100,I12-K01-15,
SALK_111899C,,CofC_S11Farm_1387,,,,,FARM_FAIL
SALK_111964C,1,CofC_S11Farm_1388,,S11Farm_Box06_8,1,I12-K13-2,
SALK_112079C,1A,CofC_S11Farm_1389,,S11Farm_Box06_16,150,,
SALK_112079C,1B,CofC_S11Farm_1390,,S11Farm_Box13_48,100,I12-G02-17,
SALK_112079C,1H,CofC_S11Farm_1391,,,,I12-V02-16,
SALK_112241C,1A,CofC_S11Farm_1392,,S11Farm_Box04_79,50,,
SALK_112241C,1B,CofC_S11Farm_1393,,S11Farm_Box06_56,80,,tissue in box F
SALK_112241C,2A,CofC_S11Farm_1394,,S11Farm_Box04_80,50,,
SALK_112241C,2B,CofC_S11Farm_1395,,S11Farm_Box06_73,30,,
SALK_112241C,2H,CofC_S11Farm_1396,,,,I12-V02-14,
SALK_112329C,1,CofC_S11Farm_1397,,Hanna_Box02_21,50,I11-V12-5,
SALK_112329C,1B,CofC_S11Farm_1398,,Hanna_Box01_3,>100,I12-V02-4,
SALK_113062C,1,CofC_S11Farm_1399,,,,,
SALK_113062C,2,CofC_S11Farm_1400,,S11Farm_Box13_66,60,I12-G05-25,
SALK_113062C,3,CofC_S11Farm_1401,,S11Farm_Box14_60,1,,
SALK_113194C,,CofC_S11Farm_1402,,,,,DNG
SALK_113353C,1,CofC_S11Farm_1403,,S11Farm_Box10_78,100,I11-G04-28,
SALK_113353C,2,CofC_S11Farm_1404,,S11Farm_Box10_81,100,,
SALK_113353C,3,CofC_S11Farm_1405,,Hanna_Box02_69,>100,I12-K01-1,
SALK_113587C,2,CofC_S11Farm_1406,,S11Farm_Box15_31,>100,I12-W06-4,
SALK_113587C,3,CofC_S11Farm_1407,,Hanna_Box01_51,90,I12-V04-3,
SALK_113587C,1A,CofC_S11Farm_1408,,S11Farm_Box02_36,50,,
SALK_113587C,1B,CofC_S11Farm_1409,,S11Farm_Box15_35,>>100,,
SALK_113587C,1H,CofC_S11Farm_1410,,Hanna_Box02_11,40,,
SALK_113627C,3,CofC_S11Farm_1411,,,,I11-V09-10,
SALK_113836C,1A,CofC_S11Farm_1412,,S11Farm_Box04_75,30,,
SALK_113836C,1B,CofC_S11Farm_1413,,,,,
SALK_113836C,1HA,CofC_S11Farm_1414,,Hanna_Box02_42,>100,,
SALK_113836C,1HB,CofC_S11Farm_1415,,,,,
SALK_113836C,2A,CofC_S11Farm_1416,,S11Farm_Box04_50,50,,
SALK_113836C,2B,CofC_S11Farm_1417,,,,I12-W05-15,
SALK_114420C,1,CofC_S11Farm_1418,,S11Farm_Box01_48,20,,
SALK_114420C,2,CofC_S11Farm_1419,,,,,
SALK_114420C,1H,CofC_S11Farm_1420,,Hanna_Box01_43,100,I12-V04-5,
SALK_114463C,1,CofC_S11Farm_1421,,Hanna_Box02_29,75,,
SALK_114463C,2,CofC_S11Farm_1422,,S11Farm_Box06_75,30,I12-K13-17,
SALK_114514C,1,CofC_S11Farm_1423,,S11Farm_Box01_53,50,,
SALK_114514C,2,CofC_S11Farm_1424,,,,,
SALK_114626C,1A,CofC_S11Farm_1425,,S11Farm_Box07_22,50,,
SALK_114626C,1B,CofC_S11Farm_1426,,S11Farm_Box06_47,150,I12-W05-17,
SALK_114626C,2A,CofC_S11Farm_1427,,S11Farm_Box07_27,100,,
SALK_114626C,2B,CofC_S11Farm_1428,,S11Farm_Box06_52,100,,
SALK_114641C,1,CofC_S11Farm_1429,,S11Farm_Box12_35,>100,I12-G05-1,
SALK_114641C,2,CofC_S11Farm_1430,,S11Farm_Box12_4,100,I12-V03-11,
SALK_114643C,,CofC_S11Farm_1431,,,,,FARM_FAIL
SALK_114667C,1,CofC_S11Farm_1432,,S11Farm_Box13_49,100,I12-G04-13,
SALK_114667C,1H,CofC_S11Farm_1433,,Hanna_Box03_6,>100,I12-V02-10,
SALK_115125C,1,CofC_S11Farm_1434,,S11Farm_Box14_20,50,,
SALK_115125C,2,CofC_S11Farm_1435,,S11Farm_Box14_30,100,I12-W06-5,
SALK_115125C,1H,CofC_S11Farm_1436,,Hanna_Box01_4,>100,I12-K02-14,
SALK_115368C,1,CofC_S11Farm_1437,,Hanna_Box01_22,>100,I12-V02-26,
SALK_115466C,1,CofC_S11Farm_1438,,S11Farm_Box14_9,20,,
SALK_115466C,2,CofC_S11Farm_1439,,S11Farm_Box15_41,>>100,I12-W06-2,
SALK_115466C,2H,CofC_S11Farm_1440,,Hanna_Box02_74,90,I12-G06-6,
SALK_115494C,1,CofC_S11Farm_1441,,S11Farm_Box01_38,10,I11-V13-7,
SALK_115812C,1,CofC_S11Farm_1442,,S11Farm_Box03_11,30,,
SALK_116433C,1,CofC_S11Farm_1443,,S11Farm_Box12_3,>100,,
SALK_116433C,2,CofC_S11Farm_1444,,S11Farm_Box07_23,100,I11-G05-10,
SALK_116433C,1H,CofC_S11Farm_1445,,Hanna_Box01_47,100,,
SALK_116952C,1A,CofC_S11Farm_1446,,S11Farm_Box14_43,50,,
SALK_116952C,1B,CofC_S11Farm_1447,,S11Farm_Box05_32,200,,
SALK_116952C,2A,CofC_S11Farm_1448,,S11Farm_Box14_48,30,,
SALK_116952C,2B,CofC_S11Farm_1449,,S11Farm_Box05_39,130,I12-G03-19,
SALK_116968C,2,CofC_S11Farm_1450,,S11Farm_Box01_37,50,,
SALK_116968C,1A,CofC_S11Farm_1451,,S11Farm_Box01_41,50,,
SALK_116968C,1B,CofC_S11Farm_1452,,S11Farm_Box05_66,80,I11-G05-17,
SALK_116974C,1,CofC_S11Farm_1453,,Hanna_Box02_17,20,I11-V11-5,
SALK_117006C,,CofC_S11Farm_1454,,,,,DNG
SALK_117259C,1,CofC_S11Farm_1455,,S11Farm_Box10_25,40,I12-G04-27,
SALK_117808C,1,CofC_S11Farm_1456,,Hanna_Box01_8,>100,I12-V04-14,
SALK_118043C,1,CofC_S11Farm_1457,,S11Farm_Box08_42,75,,
SALK_118043C,2A,CofC_S11Farm_1458,,S11Farm_Box08_39,50,,
SALK_118043C,2B,CofC_S11Farm_1459,,S11Farm_Box02_46,30,,
SALK_118043C,2H,CofC_S11Farm_1460,,,,I12-V02-1,
SALK_118188C,2,CofC_S11Farm_1461,,S11Farm_Box13_1,80,,
SALK_118188C,1A,CofC_S11Farm_1462,,S11Farm_Box14_46,80,,
SALK_118188C,1B,CofC_S11Farm_1463,,S11Farm_Box11_15,60,I12-G02-9,
SALK_118311C,1A,CofC_S11Farm_1464,,S11Farm_Box03_28,100,,tissue in CONFL box
SALK_118311C,1B,CofC_S11Farm_1465,,S11Farm_Box06_77,150,,tissue in Box F
SALK_118311C,2A,CofC_S11Farm_1466,,S11Farm_Box11_79,60,,
SALK_118515C,1,CofC_S11Farm_1467,,,,I11-V12-1,
SALK_118611C,1,CofC_S11Farm_1468,,Hanna_Box01_63,15,I11-V08-7,
SALK_118611C,2B,CofC_S11Farm_1469,,S11Farm_Box08_70,>100,I12-G06-26,
SALK_118842C,1,CofC_S11Farm_1470,,S11Farm_Box08_73,100,I12-G05-10,
SALK_118842C,2A,CofC_S11Farm_1471,,S11Farm_Box08_74,75,,
SALK_118842C,2B,CofC_S11Farm_1472,,S11Farm_Box01_46,50,,
SALK_118900C,1,CofC_S11Farm_1473,,S11Farm_Box12_62,100,,
SALK_118900C,2,CofC_S11Farm_1474,,S11Farm_Box14_24,20,I12-K06-4,
SALK_118900C,1H,CofC_S11Farm_1475,,,,,
SALK_119084C,1,CofC_S11Farm_1476,,S11Farm_Box01_34,10,I12-K13-7,
SALK_119243C,,CofC_S11Farm_1477,,,,,DNG
SALK_119346C,1,CofC_S11Farm_1478,,S11Farm_Box03_39,50,I12-K13-16,
SALK_119346C,2,CofC_S11Farm_1479,,S11Farm_Box03_38,100,,
SALK_119457C,,CofC_S11Farm_1480,,,,,DNG
SALK_119497C,1,CofC_S11Farm_1481,,S11Farm_Box10_3,,,
SALK_119497C,2,CofC_S11Farm_1482,,S11Farm_Box06_70,200,I12-G02-28,
SALK_119497C,1H,CofC_S11Farm_1483,,Hanna_Box01_39,80,,
SALK_119499C,1,CofC_S11Farm_1484,,Hanna_Box01_69,>100,I12-K04-1,
SALK_119578C,1,CofC_S11Farm_1485,,,,,
SALK_119578C,2,CofC_S11Farm_1486,,S11Farm_Box08_1,>100,I11-G03-7,
SALK_119591C,1,CofC_S11Farm_1487,,Hanna_Box03_1,>100,I12-V04-10,
SALK_119765C,1,CofC_S11Farm_1488,,S11Farm_Box13_39,100,I12-W05-22,previously mislabeled as SALK_115765C
SALK_120003C,,CofC_S11Farm_1489,,,,,DNG
SALK_120377C,,CofC_S11Farm_1490,,,,,DNG
SALK_120399C,1,CofC_S11Farm_1491,,Hanna_Box02_68,>100,,
SALK_120399C,2,CofC_S11Farm_1492,,S11Farm_Box12_74,20,I11-W02-15,
SALK_120399C,3,CofC_S11Farm_1493,,S11Farm_Box14_63,50,,
SALK_120783C,1,CofC_S11Farm_1494,,S11Farm_Box06_28,60,I11-W03-16,
SALK_120783C,2,CofC_S11Farm_1495,,S11Farm_Box06_29,50,I11-G03-12,
SALK_120849C,1,CofC_S11Farm_1496,,S11Farm_Box02_54,100,I11-W01-1,
SALK_121097C,1,CofC_S11Farm_1497,,Hanna_Box02_71,100,,
SALK_121097C,2,CofC_S11Farm_1498,,Hanna_Box02_73,100,I12-V02-8,
SALK_121158C,1,CofC_S11Farm_1499,,S11Farm_Box15_69,>100,I11-V10-14,
SALK_121158C,2,CofC_S11Farm_1500,,Hanna_Box01_5,100,I12-G06-3,
SALK_121473C,,CofC_S11Farm_1501,,,,,DNG
SALK_121735C,1,CofC_S11Farm_1502,,Hanna_Box01_27,50,I11-V07-1,
SALK_121735C,1H,CofC_S11Farm_1503,,Hanna_Box02_78,>100,I12-G06-1,
SALK_121735C,2A,CofC_S11Farm_1504,,S11Farm_Box01_50,>100,I11-G02-6,
SALK_121735C,2B,CofC_S11Farm_1505,,S11Farm_Box14_15,30,,
SALK_121760C,2,CofC_S11Farm_1506,,S11Farm_Box15_1,10,,
SALK_121760C,1A,CofC_S11Farm_1507,,S11Farm_Box01_59,>100,I12-W05-5,
SALK_121760C,1B,CofC_S11Farm_1508,,S11Farm_Box12_81,50,,
SALK_121760C,2H,CofC_S11Farm_1509,,Hanna_Box01_57,>100,I12-V02-30,
SALK_122006C,1A,CofC_S11Farm_1510,,S11Farm_Box09_37,>100,,
SALK_122006C,1B,CofC_S11Farm_1511,,S11Farm_Box05_3,170,I12-G02-30,
SALK_122006C,2A,CofC_S11Farm_1512,,S11Farm_Box08_72,100,,
SALK_122006C,2B,CofC_S11Farm_1513,,S11Farm_Box05_8,90,,
SALK_122041C,1,CofC_S11Farm_1514,,S11Farm_Box11_69,60,,
SALK_122041C,2,CofC_S11Farm_1515,,S11Farm_Box11_75,100,I12-W05-16,
SALK_122287C,1,CofC_S11Farm_1516,,,,,
SALK_122287C,2,CofC_S11Farm_1517,,S11Farm_Box05_81,60,,
SALK_122287C,1H,CofC_S11Farm_1518,,Hanna_Box01_1,>100,I12-K03-13,
SALK_123433C,1,CofC_S11Farm_1519,,S11Farm_Box14_25,60,,
SALK_123433C,2,CofC_S11Farm_1520,,S11Farm_Box14_12,30,I11-V10-10,
SALK_123433C,1H,CofC_S11Farm_1521,,,,,
SALK_123655C,,CofC_S11Farm_1522,,,,,DNG
SALK_123690C,,CofC_S11Farm_1523,,,,,DNG
SALK_124095C,,CofC_S11Farm_1524,,,,,FARM_FAIL
SALK_124231C,1,CofC_S11Farm_1525,,S11Farm_Box05_26,150,,
SALK_124231C,2,CofC_S11Farm_1526,,S11Farm_Box03_78,30,I11-G01-16,
SALK_124231C,2,CofC_S11Farm_1527,,CofC_SF05_160,,I12-P10-10,
SALK_124231C,1H,CofC_S11Farm_1528,,Hanna_Box02_65,>100,I12-G06-7,
SALK_124383C,,CofC_S11Farm_1529,,,,,FARM_FAIL
SALK_124662C,1,CofC_S11Farm_1530,,S11Farm_Box14_29,40,,tissue in Box I
SALK_124662C,2,CofC_S11Farm_1531,,S11Farm_Box14_36,50,,tissue in Box J
SALK_124719C,1A,CofC_S11Farm_1532,,S11Farm_Box12_2,>100,I12-V03-14,
SALK_124719C,1B,CofC_S11Farm_1533,,S11Farm_Box14_40,50,,
SALK_124719C,2A,CofC_S11Farm_1534,,S11Farm_Box12_32,>100,I12-G05-4,
SALK_124719C,2B,CofC_S11Farm_1535,,S11Farm_Box14_49,30,,
SALK_125401C,1,CofC_S11Farm_1536,,,,,
SALK_125401C,2,CofC_S11Farm_1537,,S11Farm_Box14_23,70,I12-K05-8,
SALK_125401C,3,CofC_S11Farm_1538,,Hanna_Box02_27,10,,
SALK_125473C,1,CofC_S11Farm_1539,,S11Farm_Box04_32,>100,,
SALK_125473C,2,CofC_S11Farm_1540,,,,I12-L02-2,
SALK_126593C,1,CofC_S11Farm_1541,,S11Farm_Box08_80,100,,
SALK_126593C,2,CofC_S11Farm_1542,,S11Farm_Box08_76,100,I12-G05-18,
SALK_126600C,1,CofC_S11Farm_1543,,Hanna_Box01_67,>100,I11-V08-8,
SALK_126799C,,CofC_S11Farm_1544,,,,,DNG
SALK_126907C,1,CofC_S11Farm_1545,,Hanna_Box02_28,50,I11-V11-10,
SALK_126907C,2,CofC_S11Farm_1546,,S11Farm_Box09_75,>100,I11-V11-9,
SALK_127016C,1A,CofC_S11Farm_1547,,S11Farm_Box02_31,100,,
SALK_127016C,1B,CofC_S11Farm_1548,,S11Farm_Box03_40,50,I12-V03-13,
SALK_127100C,1,CofC_S11Farm_1549,,S11Farm_Box02_48,100,I11-G02-22,
SALK_127101C,2,CofC_S11Farm_1550,,S11Farm_Box12_27,>100,,
SALK_127101C,1A,CofC_S11Farm_1551,,S11Farm_Box10_24,10,,
SALK_127101C,1B,CofC_S11Farm_1552,,,,,
SALK_127101C,1H,CofC_S11Farm_1553,,,,I12-K03-3,
SALK_127101C,2H,CofC_S11Farm_1554,,,,,
SALK_127191C,1A,CofC_S11Farm_1555,,S11Farm_Box08_49,35,,
SALK_127191C,1B,CofC_S11Farm_1556,,S11Farm_Box11_46,2,I12-K02-13,
SALK_127191C,1H,CofC_S11Farm_1557,,,,,
SALK_127191C,2A,CofC_S11Farm_1558,,S11Farm_Box08_47,50,,
SALK_127191C,2H,CofC_S11Farm_1559,,,,,
SALK_127261C,1,CofC_S11Farm_1560,,Hanna_Box02_75,100,I12-V02-6,
SALK_127261C,2,CofC_S11Farm_1561,,S11Farm_Box14_32,20,I12-K06-8,
SALK_127456C,1A,CofC_S11Farm_1562,,Hanna_Box01_34,>100,,"tissue both labeled #1, cannot distinguish"
SALK_127456C,1B,CofC_S11Farm_1563,,Hanna_Box03_13,100,,"tissue both labeled #1, cannot distinguish"
SALK_127838C,1,CofC_S11Farm_1564,,Hanna_Box01_17,>100,I12-G06-12,
SALK_127838C,2,CofC_S11Farm_1565,,S11Farm_Box14_39,50,I12-K04-12,
SALK_127838C,3,CofC_S11Farm_1566,,S11Farm_Box14_70,20,,
SALK_128309C,1A,CofC_S11Farm_1567,,S11Farm_Box12_41,70,,
SALK_128309C,1B,CofC_S11Farm_1568,,S11Farm_Box14_21,50,,
SALK_128309C,1C,CofC_S11Farm_1569,,S11Farm_Box15_44,40,,
SALK_128309C,2A,CofC_S11Farm_1570,,S11Farm_Box14_35,100,I12-K05-6,
SALK_128309C,2B,CofC_S11Farm_1571,,S11Farm_Box15_57,90,,
SALK_128873C,1A,CofC_S11Farm_1572,,,,,
SALK_128873C,1B,CofC_S11Farm_1573,,,,,
SALK_128873C,2A,CofC_S11Farm_1574,,S11Farm_Box09_35,80,I12-K13-18,
SALK_128873C,2B,CofC_S11Farm_1575,,,,,
SALK_128873C,2H,CofC_S11Farm_1576,,,,,
SALK_129200C,1,CofC_S11Farm_1577,,S11Farm_Box05_57,100,,
SALK_129200C,2,CofC_S11Farm_1578,,S11Farm_Box11_66,50,I11-G04-23,
SALK_129231C,1A,CofC_S11Farm_1579,,S11Farm_Box14_8,50,I11-V10-3,
SALK_129231C,1B,CofC_S11Farm_1580,,,,I11-V10-4,
SALK_129231C,2A,CofC_S11Farm_1581,,S11Farm_Box08_69,100,,
SALK_129231C,2B,CofC_S11Farm_1582,,S11Farm_Box13_75,60,I11-G05-30,
SALK_129244C,,CofC_S11Farm_1583,,,,,FARM_FAIL
SALK_129679C,1A,CofC_S11Farm_1584,,S11Farm_Box09_2,>100,,
SALK_129679C,1B,CofC_S11Farm_1585,,S11Farm_Box03_15,100,I12-K05-15,
SALK_129679C,1C,CofC_S11Farm_1586,,S11Farm_Box10_57,100,,
SALK_129679C,2A,CofC_S11Farm_1587,,S11Farm_Box09_45,>100,,
SALK_129679C,2B,CofC_S11Farm_1588,,S11Farm_Box10_58,50,,
SALK_129849C,1A,CofC_S11Farm_1589,,S11Farm_Box12_54,>100,I12-G04-9,
SALK_129849C,1B,CofC_S11Farm_1590,,,,,
SALK_129849C,1C,CofC_S11Farm_1591,,,,I11-W04-2,
SALK_129849C,2A,CofC_S11Farm_1592,,S11Farm_Box07_13,40,,
SALK_129849C,2B,CofC_S11Farm_1593,,,,,
SALK_129849C,2C,CofC_S11Farm_1594,,S11Farm_Box10_69,100,,
SALK_129879C,1,CofC_S11Farm_1595,,Hanna_Box02_5,75,,tissue in box K
SALK_130081C,1,CofC_S11Farm_1596,,S11Farm_Box03_22,50,I12-V03-7,
SALK_130481C,1,CofC_S11Farm_1597,,S11Farm_Box14_44,100,I12-G05-27,
SALK_130481C,2,CofC_S11Farm_1598,,S11Farm_Box14_37,10,,
SALK_130522C,1,CofC_S11Farm_1599,,S11Farm_Box04_72,100,,
SALK_130522C,2,CofC_S11Farm_1600,,S11Farm_Box04_48,100,,
SALK_131796C,,CofC_S11Farm_1601,,,,,DNG
SALK_131872C,1,CofC_S11Farm_1602,,S11Farm_Box09_31,100,I12-G05-13,
SALK_131872C,2,CofC_S11Farm_1603,,S11Farm_Box09_36,50,,
SALK_131946C,1,CofC_S11Farm_1604,,S11Farm_Box03_71,50,I11-G01-15,
SALK_131946C,2,CofC_S11Farm_1605,,,,,
SALK_131946C,1H,CofC_S11Farm_1606,,Hanna_Box03_10,>100,I12-K03-9,
SALK_131946C,2H,CofC_S11Farm_1607,,,,,
SALK_132009C,1,CofC_S11Farm_1608,,S11Farm_Box02_42,20,,have dry tissue
SALK_132009C,2,CofC_S11Farm_1609,,S11Farm_Box02_41,5,,have dry tissue
SALK_132930C,1A,CofC_S11Farm_1610,,S11Farm_Box08_79,>100,,
SALK_132930C,1B,CofC_S11Farm_1611,,S11Farm_Box12_69,30,,
SALK_132930C,2A,CofC_S11Farm_1612,,S11Farm_Box09_3,>100,I12-G06-17,
SALK_132930C,2B,CofC_S11Farm_1613,,S11Farm_Box12_76,50,I12-K13-8,
SALK_133360C,1,CofC_S11Farm_1614,,S11Farm_Box08_77,50,I12-W06-22,
SALK_133360C,2,CofC_S11Farm_1615,,S11Farm_Box08_78,70,I12-G05-2,
SALK_133841C,1,CofC_S11Farm_1616,,S11Farm_Box15_37,>>100,I12-K06-9,
SALK_133841C,2,CofC_S11Farm_1617,,S11Farm_Box15_27,>>100,,
SALK_133857C,1A,CofC_S11Farm_1618,,,,,tissue in box B
SALK_133857C,1B,CofC_S11Farm_1619,,S11Farm_Box15_16,6,,tissue in box I
SALK_134217C,1,CofC_S11Farm_1620,,S11Farm_Box02_39,20,I12-W06-26,
SALK_134586C,2,CofC_S11Farm_1621,,S11Farm_Box15_58,>100,,
SALK_134586C,1A,CofC_S11Farm_1622,,S11Farm_Box12_42,100,I11-V10-8,
SALK_134586C,1B,CofC_S11Farm_1623,,S11Farm_Box11_26,50,,
SALK_134703C,1,CofC_S11Farm_1624,,Hanna_Box01_38,>100,I12-K02-5,
SALK_134703C,2,CofC_S11Farm_1625,,S11Farm_Box01_78,>100,I12-G03-5,
SALK_135381C,1A,CofC_S11Farm_1626,,S11Farm_Box08_26,100,I11-V09-7,
SALK_135381C,1B,CofC_S11Farm_1627,,S11Farm_Box04_12,60,,
SALK_135381C,2A,CofC_S11Farm_1628,,S11Farm_Box04_38,100,I12-G04-22,
SALK_135381C,2B,CofC_S11Farm_1629,,S11Farm_Box10_65,100,,
SALK_135489C,1A,CofC_S11Farm_1630,,S11Farm_Box03_73,50,,
SALK_135489C,1B,CofC_S11Farm_1631,,S11Farm_Box05_2,70,,
SALK_135489C,2A,CofC_S11Farm_1632,,S11Farm_Box05_1,150,I12-G06-20,
SALK_135489C,2B,CofC_S11Farm_1633,,S11Farm_Box06_34,100,,
SALK_135712C,,CofC_S11Farm_1634,,,,,FARM_FAIL
SALK_135734C,1,CofC_S11Farm_1635,,S11Farm_Box03_31,100,I12-G03-14,
SALK_135824C,1,CofC_S11Farm_1636,,Hanna_Box03_9,100,I12-V02-5,
SALK_135953C,1,CofC_S11Farm_1637,,S11Farm_Box02_77,100,I12-G03-21,
SALK_135953C,1H,CofC_S11Farm_1638,,Hanna_Box02_20,25,I11-V11-12,
SALK_136050C,1,CofC_S11Farm_1639,,S11Farm_Box14_33,100,I12-K06-1,
SALK_136050C,2,CofC_S11Farm_1640,,S11Farm_Box14_19,80,,
SALK_136364C,,CofC_S11Farm_1641,,,,,FARM_FAIL
SALK_136555C,1A,CofC_S11Farm_1642,,S11Farm_Box12_22,>100,,
SALK_136555C,1B,CofC_S11Farm_1643,,S11Farm_Box06_80,150,I12-G02-26,
SALK_136555C,2A,CofC_S11Farm_1644,,S11Farm_Box12_21,40,,
SALK_136555C,2B,CofC_S11Farm_1645,,S11Farm_Box06_78,90,,
SALK_136569C,2,CofC_S11Farm_1646,,S11Farm_Box03_47,50,,
SALK_136569C,1A,CofC_S11Farm_1647,,S11Farm_Box02_56,20,I11-W01-8,
SALK_136569C,1B,CofC_S11Farm_1648,,S11Farm_Box03_43,100,I11-W02-11,
SALK_136612C,1,CofC_S11Farm_1649,,S11Farm_Box06_55,40,,
SALK_136612C,2,CofC_S11Farm_1650,,S11Farm_Box06_63,4,,have dry tissue
SALK_136734C,1,CofC_S11Farm_1651,,S11Farm_Box07_69,30,I11-G04-12,
SALK_137031C,1,CofC_S11Farm_1652,,S11Farm_Box05_47,100,,
SALK_137031C,2,CofC_S11Farm_1653,,S11Farm_Box05_48,120,,
SALK_137031C,1H,CofC_S11Farm_1654,,S11Farm_Box11_42,100,,
SALK_137031C,2H,CofC_S11Farm_1655,,,,,
SALK_137205C,1,CofC_S11Farm_1656,,S11Farm_Box04_53,60,,
SALK_137205C,2,CofC_S11Farm_1657,,S11Farm_Box04_44,100,I11-G01-14,
SALK_137213C,1,CofC_S11Farm_1658,,S11Farm_Box04_49,65,,
SALK_137213C,2,CofC_S11Farm_1659,,S11Farm_Box04_45,100,,
SALK_137272C,1,CofC_S11Farm_1660,,,,,
SALK_137272C,2,CofC_S11Farm_1661,,,,,
SALK_138256C,1,CofC_S11Farm_1662,,,,,
SALK_138551C,1,CofC_S11Farm_1663,,S11Farm_Box05_77,80,I12-G04-4,
SALK_138551C,2,CofC_S11Farm_1664,,S11Farm_Box05_80,60,,
SALK_138583C,1,CofC_S11Farm_1665,,S11Farm_Box04_71,100,I12-K02-4,
SALK_138583C,2,CofC_S11Farm_1666,,S11Farm_Box05_56,130,I12-G03-23,
SALK_138583C,3,CofC_S11Farm_1667,,S11Farm_Box14_58,10,,
SALK_139093C,1,CofC_S11Farm_1668,,,,,
SALK_139411C,1,CofC_S11Farm_1669,,S11Farm_Box04_58,50,,
SALK_139411C,2,CofC_S11Farm_1670,,S11Farm_Box04_59,>100,,
SALK_139411C,3,CofC_S11Farm_1671,,,,I11-L14-4,
SALK_139541C,1,CofC_S11Farm_1672,,S11Farm_Box03_10,8,,
SALK_139663C,2,CofC_S11Farm_1673,,S11Farm_Box15_34,>>100,,
SALK_139663C,1A,CofC_S11Farm_1674,,S11Farm_Box15_42,>>100,I12-K06-7,
SALK_139663C,1B,CofC_S11Farm_1675,,S11Farm_Box06_5,130,,
SALK_139663C,2H,CofC_S11Farm_1676,,Hanna_Box02_77,80,I12-K03-6,
SALK_139678C,1,CofC_S11Farm_1677,,S11Farm_Box10_54,60,I11-G03-26,
SALK_139678C,2A,CofC_S11Farm_1678,,S11Farm_Box07_9,20,,
SALK_139678C,2B,CofC_S11Farm_1679,,S11Farm_Box10_53,100,,
SALK_139697C,2,CofC_S11Farm_1680,,S11Farm_Box15_20,>100,,
SALK_139697C,1A,CofC_S11Farm_1681,,S11Farm_Box13_41,100,,
SALK_139697C,1B,CofC_S11Farm_1682,,S11Farm_Box15_32,>>100,I12-K05-9,
SALK_139773C,,CofC_S11Farm_1683,,,,,FARM_FAIL
SALK_139786C,1,CofC_S11Farm_1684,,S11Farm_Box02_33,100,I12-W05-11,
SALK_139786C,1H,CofC_S11Farm_1685,,,,I11-V12-9,
SALK_139843C,1,CofC_S11Farm_1686,,S11Farm_Box15_62,>100,I11-V10-6,
SALK_139843C,2,CofC_S11Farm_1687,,S11Farm_Box13_37,20,,
SALK_139843C,1H,CofC_S11Farm_1688,,,,I12-G06-16,
SALK_140054C,1A,CofC_S11Farm_1689,,S11Farm_Box13_26,>100,,
SALK_140054C,1B,CofC_S11Farm_1690,,S11Farm_Box06_9,170,I12-G02-10,
SALK_140054C,2A,CofC_S11Farm_1691,,S11Farm_Box13_43,100,,
SALK_140054C,2B,CofC_S11Farm_1692,,S11Farm_Box11_30,>100,,
SALK_140204C,2,CofC_S11Farm_1693,,S11Farm_Box07_16,30,,
SALK_140204C,1A,CofC_S11Farm_1694,,S11Farm_Box04_57,80,,
SALK_140204C,1B,CofC_S11Farm_1695,,,,,
SALK_140204C,1C,CofC_S11Farm_1696,,S11Farm_Box09_76,>100,,
SALK_140204C,2H,CofC_S11Farm_1697,,Hanna_Box01_26,35,I11-V07-8,
SALK_140231C,1,CofC_S11Farm_1698,,S11Farm_Box05_18,10,I12-G03-22,
SALK_140231C,2,CofC_S11Farm_1699,,S11Farm_Box05_23,60,I12-K13-10,
SALK_140350C,1A,CofC_S11Farm_1700,,S11Farm_Box05_17,120,I12-G06-25,
SALK_140350C,1B,CofC_S11Farm_1701,,S11Farm_Box10_72,50,,
SALK_140350C,2A,CofC_S11Farm_1702,,S11Farm_Box03_74,100,,
SALK_140350C,2B,CofC_S11Farm_1703,,S11Farm_Box10_70,100,,
SALK_140374C,1A,CofC_S11Farm_1704,,,,,
SALK_140374C,1B,CofC_S11Farm_1705,,S11Farm_Box11_41,100,,
SALK_140374C,2A,CofC_S11Farm_1706,,,,,
SALK_140374C,2B,CofC_S11Farm_1707,,S11Farm_Box11_36,100,I11-G03-11,
SALK_140378C,1,CofC_S11Farm_1708,,Hanna_Box02_10,20,I11-V12-13,
SALK_140504C,1,CofC_S11Farm_1709,,S11Farm_Box06_17,60,I12-G02-6,
SALK_140578C,2,CofC_S11Farm_1710,,S11Farm_Box08_38,100,,
SALK_140578C,1A,CofC_S11Farm_1711,,S11Farm_Box08_37,100,I11-G02-12,
SALK_140578C,1B,CofC_S11Farm_1712,,,,,
SALK_141414C,1,CofC_S11Farm_1713,,S11Farm_Box12_6,>100,,
SALK_141414C,2,CofC_S11Farm_1714,,S11Farm_Box09_73,>100,,
SALK_141414C,1H,CofC_S11Farm_1715,,,,,
SALK_141414C,2H,CofC_S11Farm_1716,,,,I12-V03-9,
SALK_141756C,2,CofC_S11Farm_1717,,S11Farm_Box12_37,>100,I12-G05-14,
SALK_141756C,1A,CofC_S11Farm_1718,,S11Farm_Box01_44,20-50,,
SALK_141756C,1B,CofC_S11Farm_1719,,S11Farm_Box09_80,40,,
SALK_141756C,1H,CofC_S11Farm_1720,,,,,
SALK_141756C,2H,CofC_S11Farm_1721,,Hanna_Box02_18,80,I11-V11-7,
SALK_141918C,2,CofC_S11Farm_1722,,S11Farm_Box04_46,100,,
SALK_141918C,1A,CofC_S11Farm_1723,,S11Farm_Box04_67,>100,,
SALK_141918C,1B,CofC_S11Farm_1724,,S11Farm_Box03_46,50,,
SALK_141918C,2H,CofC_S11Farm_1725,,Hanna_Box01_52,90,I12-W06-1,
SALK_141976C,1,CofC_S11Farm_1726,,S11Farm_Box10_61,60,I11-G03-25,
SALK_141976C,2,CofC_S11Farm_1727,,S11Farm_Box10_62,80,,
SALK_142024C,1,CofC_S11Farm_1728,,S11Farm_Box06_35,110,I12-G02-13,
SALK_142024C,2,CofC_S11Farm_1729,,S11Farm_Box06_36,20,I11-W03-12,
SALK_142172C,1,CofC_S11Farm_1730,,S11Farm_Box05_41,70,,
SALK_142172C,2,CofC_S11Farm_1731,,S11Farm_Box07_6,20,,
SALK_142235C,2,CofC_S11Farm_1732,,S11Farm_Box13_71,100,I11-G05-29,
SALK_142235C,1A,CofC_S11Farm_1733,,S11Farm_Box12_24,30,,
SALK_142235C,1B,CofC_S11Farm_1734,,,,,